# Host: localhost  (Version: 5.5.31)
# Date: 2018-05-08 17:07:38
# Generator: MySQL-Front 5.3  (Build 4.249)

/*!40101 SET NAMES utf8 */;

#
# Structure for table "bankblankfillingquestion"
#

DROP TABLE IF EXISTS `bankblankfillingquestion`;
CREATE TABLE `bankblankfillingquestion` (
  `id` int(11) NOT NULL AUTO_INCREMENT,
  `answer` varchar(255) DEFAULT NULL,
  `content` varchar(255) DEFAULT NULL,
  `contributor` varchar(255) DEFAULT NULL,
  `createDate` datetime DEFAULT NULL,
  `description` varchar(255) DEFAULT NULL,
  `memo` varchar(255) DEFAULT NULL,
  `name` varchar(255) DEFAULT NULL,
  `picLocation` varchar(255) DEFAULT NULL,
  `answer2` varchar(255) DEFAULT NULL,
  `answer3` varchar(255) DEFAULT NULL,
  `answer4` varchar(255) DEFAULT NULL,
  `answer5` varchar(255) DEFAULT NULL,
  `answer6` varchar(255) DEFAULT NULL,
  `answer7` varchar(255) DEFAULT NULL,
  `answer8` varchar(255) DEFAULT NULL,
  `knowledgePoint` varchar(255) DEFAULT NULL,
  `composeFlag` int(11) NOT NULL,
  PRIMARY KEY (`id`)
) ENGINE=InnoDB AUTO_INCREMENT=31 DEFAULT CHARSET=utf8;

#
# Data for table "bankblankfillingquestion"
#

INSERT INTO `bankblankfillingquestion` VALUES (1,'Java EE','Java的三大平台分别是Java SE、_________________和Java ME。',NULL,NULL,NULL,NULL,NULL,NULL,NULL,NULL,NULL,NULL,NULL,NULL,NULL,'Java语言基础***',1),(2,'JDK','Java程序开发前需下载安装Java应用程序开发包，其英文缩写是__________。',NULL,NULL,NULL,NULL,NULL,NULL,NULL,NULL,NULL,NULL,NULL,NULL,NULL,'Java语言基础***',1),(3,'CMD','在Windows下打开命令行界面的方法是搜索输入命令_________________。',NULL,NULL,NULL,NULL,NULL,NULL,NULL,NULL,NULL,NULL,NULL,NULL,NULL,'Java语言基础***',1),(4,'bin','JDK安装完成后，javac和java这些编译和运行工具存放在JDK安装目录\n的_____________子目录中。',NULL,NULL,NULL,NULL,NULL,NULL,NULL,NULL,NULL,NULL,NULL,NULL,NULL,'Java语言基础***',1),(5,'Path','JDK安装完成后，在操作系统上还需要配置_______________环境变量，\n该环境变量用于存储Java的编译和运行工具所在的路径。',NULL,NULL,NULL,NULL,NULL,NULL,NULL,NULL,NULL,NULL,NULL,NULL,NULL,'Java语言基础***',1),(6,'注释','Java中的________________用于为程序增加一些说明性文字，增加程序的可读性，\n本身不会被执行。',NULL,NULL,NULL,NULL,NULL,NULL,NULL,NULL,NULL,NULL,NULL,NULL,NULL,'Java语言基础***',0),(7,'//','Java中单行注释是在注释前书写______________符号。',NULL,NULL,NULL,NULL,NULL,NULL,NULL,NULL,NULL,NULL,NULL,NULL,NULL,'Java语言基础***',0),(8,'文档注释','Java中有三种注释，分别是单行注释、多行注释和_________________。',NULL,NULL,NULL,NULL,NULL,NULL,NULL,NULL,NULL,NULL,NULL,NULL,NULL,'Java语言基础***',0),(9,'main()','Java程序从________________方法开始执行。',NULL,NULL,NULL,NULL,NULL,NULL,NULL,NULL,NULL,NULL,NULL,NULL,NULL,'Java语言基础***',0),(10,'强类型','Java是一种___________________编程语言，它要求所有变量都具有一个类型。',NULL,NULL,NULL,NULL,NULL,NULL,NULL,NULL,NULL,NULL,NULL,NULL,NULL,'Java语言基础***',0),(11,'引用数据类型','Java数据类型分为两大类，分别是基本数据类型和____________________。',NULL,NULL,NULL,NULL,NULL,NULL,NULL,NULL,NULL,NULL,NULL,NULL,NULL,'Java语言基础***',0),(12,'4','Java中的int类型占用______________个字节。',NULL,NULL,NULL,NULL,NULL,NULL,NULL,NULL,NULL,NULL,NULL,NULL,NULL,'Java语言基础***',0),(13,'0','Java中的整型数的字面值在表示八进制时，需添加前缀________________。',NULL,NULL,NULL,NULL,NULL,NULL,NULL,NULL,NULL,NULL,NULL,NULL,NULL,'Java语言基础***',0),(14,'0x','Java中都整型数的字面值在表示十六进制时，需添加前缀_______________。',NULL,NULL,NULL,NULL,NULL,NULL,NULL,NULL,NULL,NULL,NULL,NULL,NULL,'Java语言基础***',0),(15,'L','Java中在整数后面添加后缀字母______________表示long型整数。',NULL,NULL,NULL,NULL,NULL,NULL,NULL,NULL,NULL,NULL,NULL,NULL,NULL,'Java语言基础***',0),(16,'double','Java的基本数据类型中，float和____________________类型用于保存浮点数。',NULL,NULL,NULL,NULL,NULL,NULL,NULL,NULL,NULL,NULL,NULL,NULL,NULL,'Java语言基础***',0),(17,'f','float类型的字面值在书写时浮点数时，还需要在最后添加后缀字母_____________。',NULL,NULL,NULL,NULL,NULL,NULL,NULL,NULL,NULL,NULL,NULL,NULL,NULL,'Java语言基础***',0),(18,'char','Java的基本类型中，_______________类型表示字符型。',NULL,NULL,NULL,NULL,NULL,NULL,NULL,NULL,NULL,NULL,NULL,NULL,NULL,'Java语言基础***',0),(19,'=','Java中的赋值运算符是______________。',NULL,NULL,NULL,NULL,NULL,NULL,NULL,NULL,NULL,NULL,NULL,NULL,NULL,'Java语言基础***',0),(20,'true','Java的boolean类型只有_______________和false两个取值。',NULL,NULL,NULL,NULL,NULL,NULL,NULL,NULL,NULL,NULL,NULL,NULL,NULL,'Java语言基础***',0),(21,'循环','依据结构化程序设计理论，所有程序都可以用三种基本控制结构构成，\n它们分别是顺序、选择和________________。',NULL,NULL,NULL,NULL,NULL,NULL,NULL,NULL,NULL,NULL,NULL,NULL,NULL,'Java语言基础***',0),(22,'if-else','Java中的_________________语句用于在条件为true时执行一些语句，\n而条件为false时执行另一些语句。。',NULL,NULL,NULL,NULL,NULL,NULL,NULL,NULL,NULL,NULL,NULL,NULL,NULL,'Java语言基础***',0),(23,'分号','Java中的for语句中小括号里有3部分，它们之间用______________分隔。\n（用汉字回答）',NULL,NULL,NULL,NULL,NULL,NULL,NULL,NULL,NULL,NULL,NULL,NULL,NULL,'Java语言基础***',0),(24,'switch','Java中的________________语句用于根据一个整型数或表达式的值，\n从多路分支中选择其中一路执行。。',NULL,NULL,NULL,NULL,NULL,NULL,NULL,NULL,NULL,NULL,NULL,NULL,NULL,'Java语言基础***',0),(25,'do-while','在Java的三种循环语句for循环、while循环、do-while循环中，\n______________循环会在执行循环体之后判断测试条件，因此至少会执行一遍循环体。',NULL,NULL,NULL,NULL,NULL,NULL,NULL,NULL,NULL,NULL,NULL,NULL,NULL,'Java语言基础***',0),(26,'continue','Java语言在执行循环的过程中，遇到________________语句，\n会跳过循环体中剩下的语句，继续进行下一次循环。',NULL,NULL,NULL,NULL,NULL,NULL,NULL,NULL,NULL,NULL,NULL,NULL,NULL,'Java语言基础***',0),(27,'void','在Java的方法声明中，________________关键字表示该方法没有返回值。',NULL,NULL,NULL,NULL,NULL,NULL,NULL,NULL,NULL,NULL,NULL,NULL,NULL,'Java语言基础***',0),(28,'引用','Java的数组属于___________________数据类型。',NULL,NULL,NULL,NULL,NULL,NULL,NULL,NULL,NULL,NULL,NULL,NULL,NULL,'Java语言基础***',0),(29,'length','Java中取得数组的长度，可以使用用数组变量的_______________属性。',NULL,NULL,NULL,NULL,NULL,NULL,NULL,NULL,NULL,NULL,NULL,NULL,NULL,'Java语言基础***',0),(30,'从0到9','Java中包含10个元素的数组，其下标的范围是___________________。',NULL,NULL,NULL,NULL,NULL,NULL,NULL,NULL,NULL,NULL,NULL,NULL,NULL,'Java语言基础***',0);

#
# Structure for table "bankchoicequestion"
#

DROP TABLE IF EXISTS `bankchoicequestion`;
CREATE TABLE `bankchoicequestion` (
  `id` int(11) NOT NULL AUTO_INCREMENT,
  `answer` varchar(255) DEFAULT NULL,
  `content` varchar(255) DEFAULT NULL,
  `contributor` varchar(255) DEFAULT NULL,
  `createDate` datetime DEFAULT NULL,
  `description` varchar(255) DEFAULT NULL,
  `memo` varchar(255) DEFAULT NULL,
  `name` varchar(255) DEFAULT NULL,
  `picLocation` varchar(255) DEFAULT NULL,
  `choiceA` varchar(255) DEFAULT NULL,
  `choiceB` varchar(255) DEFAULT NULL,
  `choiceC` varchar(255) DEFAULT NULL,
  `choiceD` varchar(255) DEFAULT NULL,
  `choiceE` varchar(255) DEFAULT NULL,
  `choiceF` varchar(255) DEFAULT NULL,
  `choiceG` varchar(255) DEFAULT NULL,
  `choiceH` varchar(255) DEFAULT NULL,
  `knowledgePoint` varchar(255) DEFAULT NULL,
  `composeFlag` int(11) NOT NULL,
  PRIMARY KEY (`id`)
) ENGINE=InnoDB AUTO_INCREMENT=21 DEFAULT CHARSET=utf8;

#
# Data for table "bankchoicequestion"
#

INSERT INTO `bankchoicequestion` VALUES (1,'B','如果JDK的安装路径是\"d:\\jdk\"，若想在命令行窗口中任何路径下，都可以直接使用javac和java命令，\n需要将环境变量Path设置为以下哪个选项：（     ）',NULL,NULL,NULL,NULL,NULL,NULL,'A. d:\\jdk','B. d:\\jdk\\bin','C. d:\\jre\\bin','D. d:\\jre',NULL,NULL,NULL,NULL,'Java语言基础***',1),(2,'D','下面以哪种类型的文件可以直接在Java虚拟机中运行：（     ）。',NULL,NULL,NULL,NULL,NULL,NULL,'A．.java','B．.jre','C．.exe','D．.class',NULL,NULL,NULL,NULL,'Java语言基础***',1),(3,'C','下面哪个是合法的Java标识符：（      ）',NULL,NULL,NULL,NULL,NULL,NULL,'A．void','B．12class','C．_blank','D．95',NULL,NULL,NULL,NULL,'Java语言基础***',1),(4,'B','Java中类的定义必须包含在一下哪种符号之间？（      ）',NULL,NULL,NULL,NULL,NULL,NULL,'A. 方括号[ ]','B. 花括号{ }','C. 双引号\" \"','D. 圆括号( )',NULL,NULL,NULL,NULL,'Java语言基础***',1),(5,'A','Java的运算符中用于执行除法运算的是哪个？（      ）',NULL,NULL,NULL,NULL,NULL,NULL,'A. /','B. \\','C. %','D. *',NULL,NULL,NULL,NULL,'Java语言基础***',1),(6,'D','以下哪个关键字不是用于循环语句的？（      ）',NULL,NULL,NULL,NULL,NULL,NULL,'A. for','B. do...while','C. while','D. switch',NULL,NULL,NULL,NULL,'Java语言基础***',0),(7,'A','以下哪种写法可以实现访问数组array的最开始的第一个元素？（      ）',NULL,NULL,NULL,NULL,NULL,NULL,'A. array[0]','B. array(0)','C. array[1]','D. array(1)',NULL,NULL,NULL,NULL,'Java语言基础***',0),(8,'B','如下哪个选项可以正确地创建一个长度为3的二维数组？（      ）',NULL,NULL,NULL,NULL,NULL,NULL,'A. new int[2][3]','B. new int[3][ ]','C. new int[ ][3]','D. 以上都不对',NULL,NULL,NULL,NULL,'Java语言基础***',0),(9,'A','当编译和运行下列代码会发生什么？（      ）\n[[[program009.png]]]',NULL,NULL,NULL,NULL,NULL,NULL,'A. 编译错误','B. 运行错误','C. 输出888','D. 输出125',NULL,NULL,NULL,NULL,'Java语言基础***',0),(10,'B','下列选项中，哪个不属于Java语言的基本数据类型？（      ）',NULL,NULL,NULL,NULL,NULL,NULL,'A. 整型','B. 数组','C. 字符型','D. 浮点型',NULL,NULL,NULL,NULL,'Java语言基础***',0),(11,'B','有关方法重载，以下说法正确的是：（      ）',NULL,NULL,NULL,NULL,NULL,NULL,'A. 重载的方法，其方法名可以不一致','B. 重载的方法参数的个数或类型必须不一致','C. 重载的方法，其返回值类型必须不同','D. 重载的方法，其参数个数必须一致',NULL,NULL,NULL,NULL,'Java语言基础***',0),(12,'A','下列关于Java语言简单数据类型的说法中，正确的一项是：（      ）',NULL,NULL,NULL,NULL,NULL,NULL,'A. 以0开头的整数数值代表8进制整型数','B. 以0x或0X开头的整数代表8进制整型常量','C. char型的值可以包含一个或多个字符','D. double类型的数据占计算机存储的32位',NULL,NULL,NULL,NULL,'Java语言基础***',0),(13,'B','下列语句中编译错误的一个是：（      ）',NULL,NULL,NULL,NULL,NULL,NULL,'A. float f = 1.1f;','B. byte b = 128;','C. double d = 1.1/0.0;','D. char c = (char)1.1f;',NULL,NULL,NULL,NULL,'Java语言基础***',0),(14,'B','表达式(12==0) && (1/0 < 1)的值为：（      ）',NULL,NULL,NULL,NULL,NULL,NULL,'A. true','B. false','C. 0','D. 运行时抛出异常',NULL,NULL,NULL,NULL,'Java语言基础***',0),(15,'C','表达式10^2的值为：（      ）',NULL,NULL,NULL,NULL,NULL,NULL,'A. 100','B. 12','C. 8','D. 10',NULL,NULL,NULL,NULL,'Java语言基础***',0),(16,'B','假设i=10, j=20, k=30，则表达式 !(i<j+k) || !(i+10<=j) 的值为：（      ）',NULL,NULL,NULL,NULL,NULL,NULL,'A. true','B. false','C. 表达式错误','D. 以上都不对',NULL,NULL,NULL,NULL,'Java语言基础***',0),(17,'A','以下代码的运行结果是：（      ）\n[[[program017.png]]]',NULL,NULL,NULL,NULL,NULL,NULL,'A. 1','B. 2','C. 3','D. 以上都不对',NULL,NULL,NULL,NULL,'Java语言基础***',0),(18,'C','分析以下代码，正确的选项是：（      ）\n[[[program018.png]]]',NULL,NULL,NULL,NULL,NULL,NULL,'A. 打印b=3','B. 打印b=7','C. 编译错误','D. 以上都不对',NULL,NULL,NULL,NULL,'Java语言基础***',0),(19,'A','分析以下代码，正确的选项是：（      ）\n[[[program019.png]]]',NULL,NULL,NULL,NULL,NULL,NULL,'A. 打印3','B. 打印6','C. 编译错误','D. 以上都不对',NULL,NULL,NULL,NULL,'Java语言基础***',0),(20,'B','分析以下代码，正确的选项是：（      ）\n[[[program020.png]]]',NULL,NULL,NULL,NULL,NULL,NULL,'A. 打印9 8 7','B. 打印9 8 7 6','C. 打印9 8 7 6 5','D. 以上都不对',NULL,NULL,NULL,NULL,'Java语言基础***',0);

#
# Structure for table "bankjudgequestion"
#

DROP TABLE IF EXISTS `bankjudgequestion`;
CREATE TABLE `bankjudgequestion` (
  `id` int(11) NOT NULL AUTO_INCREMENT,
  `answer` varchar(255) DEFAULT NULL,
  `content` varchar(255) DEFAULT NULL,
  `contributor` varchar(255) DEFAULT NULL,
  `createDate` datetime DEFAULT NULL,
  `description` varchar(255) DEFAULT NULL,
  `memo` varchar(255) DEFAULT NULL,
  `name` varchar(255) DEFAULT NULL,
  `picLocation` varchar(255) DEFAULT NULL,
  `knowledgePoint` varchar(255) DEFAULT NULL,
  `composeFlag` int(11) NOT NULL,
  PRIMARY KEY (`id`)
) ENGINE=InnoDB AUTO_INCREMENT=21 DEFAULT CHARSET=utf8;

#
# Data for table "bankjudgequestion"
#

INSERT INTO `bankjudgequestion` VALUES (1,'T','Java中，h22是合法的变量名，而22h是不合法的变量名。（  ）',NULL,NULL,NULL,NULL,NULL,NULL,'Java语言基础***',1),(2,'T','Java中birthday和birthDay是两个不同的变量。（     ）。',NULL,NULL,NULL,NULL,NULL,NULL,'Java语言基础***',1),(3,'T','Java中，多行注释/* …*/中可以嵌套//的单行注释，\n但不能嵌套/*… */的多行注释。（      ）',NULL,NULL,NULL,NULL,NULL,NULL,'Java语言基础***',1),(4,'T','Java表达式 5>7 || 3>=2的运算结果是true。（      ）',NULL,NULL,NULL,NULL,NULL,NULL,'Java语言基础***',1),(5,'F','Java语句int n=9/2;执行后，n的值是5。（      ）',NULL,NULL,NULL,NULL,NULL,NULL,'Java语言基础***',1),(6,'F','Java表达式 7>=7 ? 777 : 888的运算结果是888。（      ）',NULL,NULL,NULL,NULL,NULL,NULL,'Java语言基础***',0),(7,'F','已知int型的Java变量int x=3;，那么执行完int y=x++;语句后，y的值是4。（      ）',NULL,NULL,NULL,NULL,NULL,NULL,'Java语言基础***',0),(8,'T','Java表达式0xC8-2的运算结果是198。（      ）',NULL,NULL,NULL,NULL,NULL,NULL,'Java语言基础***',0),(9,'T','已知int型的Java变量int x=5;，那么执行完x%=3;语句后，x的值是2。（      ）',NULL,NULL,NULL,NULL,NULL,NULL,'Java语言基础***',0),(10,'T','Java源代码中出现的整型数5其默认类型是int。（      ）',NULL,NULL,NULL,NULL,NULL,NULL,'Java语言基础***',0),(11,'F','Java源代码中出现的浮点数值4.5其默认类型是float。（      ）',NULL,NULL,NULL,NULL,NULL,NULL,'Java语言基础***',0),(12,'T','Java中，int类型的数据可以直接赋值给double类型的变量，实现自动类型转换。（      ）',NULL,NULL,NULL,NULL,NULL,NULL,'Java语言基础***',0),(13,'F','Java中的boolean类型可以和int类型之间相互转换。（      ）',NULL,NULL,NULL,NULL,NULL,NULL,'Java语言基础***',0),(14,'T','Java的switch语句中可以没有default子句，该子句是可选的。（      ）',NULL,NULL,NULL,NULL,NULL,NULL,'Java语言基础***',0),(15,'F','Java的for循环语句中，for关键字后面的小括号()内三部分内容之间用逗号(,)分隔。（      ）',NULL,NULL,NULL,NULL,NULL,NULL,'Java语言基础***',0),(16,'F','在Java方法的内部不能调用自身方法。（      ）',NULL,NULL,NULL,NULL,NULL,NULL,'Java语言基础***',0),(17,'F','Java的数组声明并初始化语句int[ ] arrayX = (1, 7, 8, 5, 9); 是正确的。（      ）',NULL,NULL,NULL,NULL,NULL,NULL,'Java语言基础***',0),(18,'T','声明Java数组boolean[ ] boolArray = new boolean[3]，那么boolArray[0]的值是false。（      ）',NULL,NULL,NULL,NULL,NULL,NULL,'Java语言基础***',0),(19,'F','声明并初始化二维数组int[ ][ ] dim2Array = { {1, 2}, {3, 4, 5}}，则dim2Array[1][2]的值是2。（      ）',NULL,NULL,NULL,NULL,NULL,NULL,'Java语言基础***',0),(20,'F','Java在循环中出现的break语句的作用是结束本次循环，执行下一次循环。（      ）',NULL,NULL,NULL,NULL,NULL,NULL,'Java语言基础***',0);

#
# Structure for table "exam"
#

DROP TABLE IF EXISTS `exam`;
CREATE TABLE `exam` (
  `id` int(11) NOT NULL AUTO_INCREMENT,
  `createDate` datetime DEFAULT NULL,
  `detail` varchar(255) DEFAULT NULL,
  `examDate` datetime DEFAULT NULL,
  `name` varchar(255) DEFAULT NULL,
  `type` int(11) NOT NULL,
  PRIMARY KEY (`id`)
) ENGINE=InnoDB AUTO_INCREMENT=69 DEFAULT CHARSET=utf8;

#
# Data for table "exam"
#

INSERT INTO `exam` VALUES (1,NULL,'随机试卷005->lyqid19',NULL,'随机试卷005->lyqid19',1),(2,NULL,'随机试卷005->lyqid20',NULL,'随机试卷005->lyqid20',1),(3,NULL,'随机试卷005->lyqid21',NULL,'随机试卷005->lyqid21',1),(4,NULL,'随机试卷005->lyqid22',NULL,'随机试卷005->lyqid22',1),(5,NULL,'随机试卷005->lyqid23',NULL,'随机试卷005->lyqid23',1),(6,NULL,'随机试卷005->lyqid24',NULL,'随机试卷005->lyqid24',1),(7,NULL,'随机试卷005->lyqid25',NULL,'随机试卷005->lyqid25',1),(8,NULL,'随机试卷005->lyqid26',NULL,'随机试卷005->lyqid26',1),(9,NULL,'随机试卷005->lyqid27',NULL,'随机试卷005->lyqid27',1),(10,NULL,'随机试卷005->lyqid28',NULL,'随机试卷005->lyqid28',1),(11,NULL,'随机试卷005->lyqid29',NULL,'随机试卷005->lyqid29',1),(12,NULL,'随机试卷005->杨杰斯',NULL,'随机试卷005->杨杰斯',1),(13,NULL,'随机试卷005->李红雨',NULL,'随机试卷005->李红雨',1),(14,NULL,'随机试卷005->曹梦如',NULL,'随机试卷005->曹梦如',1),(15,NULL,'随机试卷005->赵敬芳',NULL,'随机试卷005->赵敬芳',1),(16,NULL,'随机试卷005->刘琪',NULL,'随机试卷005->刘琪',1),(17,NULL,'随机试卷005->陈佳琳',NULL,'随机试卷005->陈佳琳',1),(18,NULL,'随机试卷005->李佳婷',NULL,'随机试卷005->李佳婷',1),(19,NULL,'随机试卷005->彭方方',NULL,'随机试卷005->彭方方',1),(20,NULL,'随机试卷005->高齐曼',NULL,'随机试卷005->高齐曼',1),(21,NULL,'随机试卷005->杨鑫鑫',NULL,'随机试卷005->杨鑫鑫',1),(22,NULL,'随机试卷005->吴晨莹',NULL,'随机试卷005->吴晨莹',1),(23,NULL,'随机试卷005->庞凯童',NULL,'随机试卷005->庞凯童',1),(24,NULL,'随机试卷005->喻灵杰',NULL,'随机试卷005->喻灵杰',1),(25,NULL,'随机试卷005->申林瑛',NULL,'随机试卷005->申林瑛',1),(26,NULL,'随机试卷005->张亚新',NULL,'随机试卷005->张亚新',1),(27,NULL,'随机试卷005->齐宁宁',NULL,'随机试卷005->齐宁宁',1),(28,NULL,'随机试卷005->周迪',NULL,'随机试卷005->周迪',1),(29,NULL,'随机试卷005->王倩楠',NULL,'随机试卷005->王倩楠',1),(30,NULL,'随机试卷005->李文慧',NULL,'随机试卷005->李文慧',1),(31,NULL,'随机试卷005->闫阳阳',NULL,'随机试卷005->闫阳阳',1),(32,NULL,'随机试卷005->鲍慧',NULL,'随机试卷005->鲍慧',1),(33,NULL,'随机试卷005->周利芬',NULL,'随机试卷005->周利芬',1),(34,NULL,'随机试卷005->王梦珂',NULL,'随机试卷005->王梦珂',1),(35,NULL,'随机试卷005->郭盈盈',NULL,'随机试卷005->郭盈盈',1),(36,NULL,'随机试卷005->王新艳',NULL,'随机试卷005->王新艳',1),(37,NULL,'随机试卷005->张乐乐',NULL,'随机试卷005->张乐乐',1),(38,NULL,'随机试卷005->曾庆兰',NULL,'随机试卷005->曾庆兰',1),(39,NULL,'随机试卷005->刘帅娜',NULL,'随机试卷005->刘帅娜',1),(40,NULL,'随机试卷005->张梦莹',NULL,'随机试卷005->张梦莹',1),(41,NULL,'随机试卷005->马梦晓',NULL,'随机试卷005->马梦晓',1),(42,NULL,'随机试卷005->皇甫苗苗',NULL,'随机试卷005->皇甫苗苗',1),(43,NULL,'随机试卷005->董菁',NULL,'随机试卷005->董菁',1),(44,NULL,'随机试卷005->屠陆一',NULL,'随机试卷005->屠陆一',1),(45,NULL,'随机试卷005->王艳娇',NULL,'随机试卷005->王艳娇',1),(46,NULL,'随机试卷005->岳璐璐',NULL,'随机试卷005->岳璐璐',1),(47,NULL,'随机试卷005->宋靖雯',NULL,'随机试卷005->宋靖雯',1),(48,NULL,'随机试卷005->丁淋淋',NULL,'随机试卷005->丁淋淋',1),(49,NULL,'随机试卷005->王压兵',NULL,'随机试卷005->王压兵',1),(50,NULL,'随机试卷005->许光辉',NULL,'随机试卷005->许光辉',1),(51,NULL,'随机试卷005->陶威',NULL,'随机试卷005->陶威',1),(52,NULL,'随机试卷005->刘晨曦',NULL,'随机试卷005->刘晨曦',1),(53,NULL,'随机试卷005->朱磊',NULL,'随机试卷005->朱磊',1),(54,NULL,'随机试卷005->李东卿',NULL,'随机试卷005->李东卿',1),(55,NULL,'随机试卷005->李博',NULL,'随机试卷005->李博',1),(56,NULL,'随机试卷005->付金旺',NULL,'随机试卷005->付金旺',1),(57,NULL,'随机试卷005->薛俊俊',NULL,'随机试卷005->薛俊俊',1),(58,NULL,'随机试卷005->姜亚明',NULL,'随机试卷005->姜亚明',1),(59,NULL,'随机试卷005->贺成兰',NULL,'随机试卷005->贺成兰',1),(60,NULL,'随机试卷005->方蕊',NULL,'随机试卷005->方蕊',1),(61,NULL,'随机试卷005->寇雪慧',NULL,'随机试卷005->寇雪慧',1),(62,NULL,'随机试卷005->马啸天',NULL,'随机试卷005->马啸天',1),(64,NULL,'这是本系统实验的一次固定组卷0001.',NULL,'固定组卷0001',0),(65,NULL,'随机试卷005->lyqid26',NULL,'随机试卷005->lyqid26',1),(66,NULL,'随机试卷005->lyqid26',NULL,'随机试卷005->lyqid26',1),(67,NULL,'随机试卷005->lyqid26',NULL,'随机试卷005->lyqid26',1),(68,NULL,'随机试卷0007->lyqid26',NULL,'随机试卷0007->lyqid26',1),(69,NULL,'随机试卷888->万圆圆',NULL,'随机试卷888->万圆圆',1),(70,NULL,'随机试卷888->黄鑫',NULL,'随机试卷888->黄鑫',1),(71,NULL,'随机试卷888->曹田田',NULL,'随机试卷888->曹田田',1),(72,NULL,'随机试卷888->李彩婷',NULL,'随机试卷888->李彩婷',1),(73,NULL,'随机试卷888->许玉洁',NULL,'随机试卷888->许玉洁',1),(74,NULL,'随机试卷888->张聪',NULL,'随机试卷888->张聪',1),(75,NULL,'随机试卷888->姚慧娟',NULL,'随机试卷888->姚慧娟',1),(76,NULL,'随机试卷888->陈妍',NULL,'随机试卷888->陈妍',1),(77,NULL,'随机试卷888->刘亚男',NULL,'随机试卷888->刘亚男',1),(78,NULL,'随机试卷888->马兰',NULL,'随机试卷888->马兰',1),(79,NULL,'随机试卷888->袁肖艳',NULL,'随机试卷888->袁肖艳',1),(80,NULL,'随机试卷888->马红革',NULL,'随机试卷888->马红革',1),(81,NULL,'随机试卷888->吴艳云',NULL,'随机试卷888->吴艳云',1),(82,NULL,'随机试卷888->王静',NULL,'随机试卷888->王静',1),(83,NULL,'随机试卷888->尚银',NULL,'随机试卷888->尚银',1),(84,NULL,'随机试卷888->牛冬月',NULL,'随机试卷888->牛冬月',1),(85,NULL,'随机试卷888->李丹',NULL,'随机试卷888->李丹',1),(86,NULL,'随机试卷888->张秋菊',NULL,'随机试卷888->张秋菊',1),(87,NULL,'随机试卷888->翟娟',NULL,'随机试卷888->翟娟',1),(88,NULL,'随机试卷888->秦玉凤',NULL,'随机试卷888->秦玉凤',1),(89,NULL,'随机试卷888->王灿',NULL,'随机试卷888->王灿',1),(90,NULL,'随机试卷888->封赟婷',NULL,'随机试卷888->封赟婷',1),(91,NULL,'随机试卷888->刘华琰',NULL,'随机试卷888->刘华琰',1),(92,NULL,'随机试卷888->徐光',NULL,'随机试卷888->徐光',1),(93,NULL,'随机试卷888->王娜',NULL,'随机试卷888->王娜',1),(94,NULL,'随机试卷888->周志康',NULL,'随机试卷888->周志康',1),(95,NULL,'随机试卷888->姚玉龙',NULL,'随机试卷888->姚玉龙',1),(96,NULL,'随机试卷888->蒋守勤',NULL,'随机试卷888->蒋守勤',1),(97,NULL,'随机试卷888->陈夏',NULL,'随机试卷888->陈夏',1),(98,NULL,'随机试卷888->陈亚飞',NULL,'随机试卷888->陈亚飞',1),(99,NULL,'随机试卷888->张志伟',NULL,'随机试卷888->张志伟',1),(100,NULL,'随机试卷888->钟惠平',NULL,'随机试卷888->钟惠平',1),(101,NULL,'随机试卷888->杨芳',NULL,'随机试卷888->杨芳',1),(102,NULL,'随机试卷888->尹君',NULL,'随机试卷888->尹君',1),(103,NULL,'随机试卷888->赵玉梅',NULL,'随机试卷888->赵玉梅',1),(104,NULL,'随机试卷888->韦家尚',NULL,'随机试卷888->韦家尚',1),(105,NULL,'随机试卷888->李娅',NULL,'随机试卷888->李娅',1),(106,NULL,'固定组卷的一次考试999',NULL,'固定组卷考试999',0),(107,NULL,'随机试卷标记抽1->马啸天',NULL,'随机试卷标记抽1->马啸天',1),(108,NULL,'随机试卷标记抽2->马啸天',NULL,'随机试卷标记抽2->马啸天',1),(109,NULL,'随机试卷标记抽2->Java老师',NULL,'随机试卷标记抽2->Java老师',1);

#
# Structure for table "examquestion"
#

DROP TABLE IF EXISTS `examquestion`;
CREATE TABLE `examquestion` (
  `id` int(11) NOT NULL AUTO_INCREMENT,
  `questionType` int(11) NOT NULL,
  `bank_blankfilling_qid` int(11) DEFAULT NULL,
  `bank_choice_qid` int(11) DEFAULT NULL,
  `bank_judge_qid` int(11) DEFAULT NULL,
  `exam_id` int(11) DEFAULT NULL,
  PRIMARY KEY (`id`),
  KEY `FK9x4pf7350v72p4lrbyaot88vb` (`bank_blankfilling_qid`),
  KEY `FKerim5f8dvww2cqniojpdg78an` (`bank_choice_qid`),
  KEY `FKks8x6o3q8i1k4h14i98p684s` (`bank_judge_qid`),
  KEY `FK7dpvfm124dkj3pu6a40fnqqr8` (`exam_id`),
  CONSTRAINT `FK7dpvfm124dkj3pu6a40fnqqr8` FOREIGN KEY (`exam_id`) REFERENCES `exam` (`id`),
  CONSTRAINT `FK9x4pf7350v72p4lrbyaot88vb` FOREIGN KEY (`bank_blankfilling_qid`) REFERENCES `bankblankfillingquestion` (`id`),
  CONSTRAINT `FKerim5f8dvww2cqniojpdg78an` FOREIGN KEY (`bank_choice_qid`) REFERENCES `bankchoicequestion` (`id`),
  CONSTRAINT `FKks8x6o3q8i1k4h14i98p684s` FOREIGN KEY (`bank_judge_qid`) REFERENCES `bankjudgequestion` (`id`)
) ENGINE=InnoDB AUTO_INCREMENT=1030 DEFAULT CHARSET=utf8;

#
# Data for table "examquestion"
#

INSERT INTO `examquestion` VALUES (1,0,NULL,3,NULL,1),(2,0,NULL,17,NULL,1),(3,0,NULL,8,NULL,1),(4,0,NULL,10,NULL,1),(5,0,NULL,9,NULL,1),(6,1,17,NULL,NULL,1),(7,1,13,NULL,NULL,1),(8,1,22,NULL,NULL,1),(9,1,15,NULL,NULL,1),(10,1,24,NULL,NULL,1),(11,2,NULL,NULL,11,1),(12,2,NULL,NULL,18,1),(13,2,NULL,NULL,4,1),(14,2,NULL,NULL,14,1),(15,2,NULL,NULL,6,1),(16,0,NULL,20,NULL,2),(17,0,NULL,8,NULL,2),(18,0,NULL,5,NULL,2),(19,0,NULL,7,NULL,2),(20,0,NULL,6,NULL,2),(21,1,3,NULL,NULL,2),(22,1,2,NULL,NULL,2),(23,1,26,NULL,NULL,2),(24,1,25,NULL,NULL,2),(25,1,5,NULL,NULL,2),(26,2,NULL,NULL,13,2),(27,2,NULL,NULL,20,2),(28,2,NULL,NULL,19,2),(29,2,NULL,NULL,2,2),(30,2,NULL,NULL,18,2),(31,0,NULL,8,NULL,3),(32,0,NULL,1,NULL,3),(33,0,NULL,18,NULL,3),(34,0,NULL,16,NULL,3),(35,0,NULL,10,NULL,3),(36,1,8,NULL,NULL,3),(37,1,28,NULL,NULL,3),(38,1,25,NULL,NULL,3),(39,1,15,NULL,NULL,3),(40,1,16,NULL,NULL,3),(41,2,NULL,NULL,11,3),(42,2,NULL,NULL,5,3),(43,2,NULL,NULL,12,3),(44,2,NULL,NULL,6,3),(45,2,NULL,NULL,2,3),(46,0,NULL,11,NULL,4),(47,0,NULL,4,NULL,4),(48,0,NULL,1,NULL,4),(49,0,NULL,8,NULL,4),(50,0,NULL,15,NULL,4),(51,1,7,NULL,NULL,4),(52,1,12,NULL,NULL,4),(53,1,25,NULL,NULL,4),(54,1,22,NULL,NULL,4),(55,1,8,NULL,NULL,4),(56,2,NULL,NULL,3,4),(57,2,NULL,NULL,11,4),(58,2,NULL,NULL,16,4),(59,2,NULL,NULL,20,4),(60,2,NULL,NULL,7,4),(61,0,NULL,2,NULL,5),(62,0,NULL,16,NULL,5),(63,0,NULL,11,NULL,5),(64,0,NULL,4,NULL,5),(65,0,NULL,6,NULL,5),(66,1,10,NULL,NULL,5),(67,1,17,NULL,NULL,5),(68,1,20,NULL,NULL,5),(69,1,25,NULL,NULL,5),(70,1,21,NULL,NULL,5),(71,2,NULL,NULL,20,5),(72,2,NULL,NULL,7,5),(73,2,NULL,NULL,3,5),(74,2,NULL,NULL,17,5),(75,2,NULL,NULL,1,5),(76,0,NULL,9,NULL,6),(77,0,NULL,12,NULL,6),(78,0,NULL,14,NULL,6),(79,0,NULL,1,NULL,6),(80,0,NULL,2,NULL,6),(81,1,29,NULL,NULL,6),(82,1,24,NULL,NULL,6),(83,1,9,NULL,NULL,6),(84,1,10,NULL,NULL,6),(85,1,16,NULL,NULL,6),(86,2,NULL,NULL,2,6),(87,2,NULL,NULL,13,6),(88,2,NULL,NULL,17,6),(89,2,NULL,NULL,18,6),(90,2,NULL,NULL,20,6),(91,0,NULL,13,NULL,7),(92,0,NULL,14,NULL,7),(93,0,NULL,9,NULL,7),(94,0,NULL,4,NULL,7),(95,0,NULL,20,NULL,7),(96,1,17,NULL,NULL,7),(97,1,21,NULL,NULL,7),(98,1,20,NULL,NULL,7),(99,1,7,NULL,NULL,7),(100,1,1,NULL,NULL,7),(101,2,NULL,NULL,7,7),(102,2,NULL,NULL,1,7),(103,2,NULL,NULL,16,7),(104,2,NULL,NULL,15,7),(105,2,NULL,NULL,17,7),(106,0,NULL,18,NULL,8),(107,0,NULL,19,NULL,8),(108,0,NULL,20,NULL,8),(109,0,NULL,7,NULL,8),(110,0,NULL,16,NULL,8),(111,1,21,NULL,NULL,8),(112,1,7,NULL,NULL,8),(113,1,16,NULL,NULL,8),(114,1,8,NULL,NULL,8),(115,1,18,NULL,NULL,8),(116,2,NULL,NULL,6,8),(117,2,NULL,NULL,4,8),(118,2,NULL,NULL,1,8),(119,2,NULL,NULL,7,8),(120,2,NULL,NULL,16,8),(121,0,NULL,9,NULL,9),(122,0,NULL,7,NULL,9),(123,0,NULL,10,NULL,9),(124,0,NULL,16,NULL,9),(125,0,NULL,2,NULL,9),(126,1,7,NULL,NULL,9),(127,1,30,NULL,NULL,9),(128,1,26,NULL,NULL,9),(129,1,25,NULL,NULL,9),(130,1,11,NULL,NULL,9),(131,2,NULL,NULL,4,9),(132,2,NULL,NULL,6,9),(133,2,NULL,NULL,14,9),(134,2,NULL,NULL,8,9),(135,2,NULL,NULL,18,9),(136,0,NULL,6,NULL,10),(137,0,NULL,13,NULL,10),(138,0,NULL,16,NULL,10),(139,0,NULL,12,NULL,10),(140,0,NULL,18,NULL,10),(141,1,15,NULL,NULL,10),(142,1,5,NULL,NULL,10),(143,1,20,NULL,NULL,10),(144,1,22,NULL,NULL,10),(145,1,7,NULL,NULL,10),(146,2,NULL,NULL,5,10),(147,2,NULL,NULL,13,10),(148,2,NULL,NULL,14,10),(149,2,NULL,NULL,16,10),(150,2,NULL,NULL,19,10),(151,0,NULL,15,NULL,11),(152,0,NULL,7,NULL,11),(153,0,NULL,2,NULL,11),(154,0,NULL,12,NULL,11),(155,0,NULL,5,NULL,11),(156,1,26,NULL,NULL,11),(157,1,11,NULL,NULL,11),(158,1,17,NULL,NULL,11),(159,1,8,NULL,NULL,11),(160,1,7,NULL,NULL,11),(161,2,NULL,NULL,9,11),(162,2,NULL,NULL,3,11),(163,2,NULL,NULL,8,11),(164,2,NULL,NULL,15,11),(165,2,NULL,NULL,16,11),(166,0,NULL,7,NULL,12),(167,0,NULL,11,NULL,12),(168,0,NULL,13,NULL,12),(169,0,NULL,12,NULL,12),(170,0,NULL,9,NULL,12),(171,1,7,NULL,NULL,12),(172,1,14,NULL,NULL,12),(173,1,8,NULL,NULL,12),(174,1,25,NULL,NULL,12),(175,1,30,NULL,NULL,12),(176,2,NULL,NULL,10,12),(177,2,NULL,NULL,3,12),(178,2,NULL,NULL,19,12),(179,2,NULL,NULL,6,12),(180,2,NULL,NULL,8,12),(181,0,NULL,9,NULL,13),(182,0,NULL,14,NULL,13),(183,0,NULL,1,NULL,13),(184,0,NULL,7,NULL,13),(185,0,NULL,19,NULL,13),(186,1,4,NULL,NULL,13),(187,1,10,NULL,NULL,13),(188,1,6,NULL,NULL,13),(189,1,23,NULL,NULL,13),(190,1,21,NULL,NULL,13),(191,2,NULL,NULL,10,13),(192,2,NULL,NULL,11,13),(193,2,NULL,NULL,19,13),(194,2,NULL,NULL,7,13),(195,2,NULL,NULL,18,13),(196,0,NULL,7,NULL,14),(197,0,NULL,17,NULL,14),(198,0,NULL,1,NULL,14),(199,0,NULL,13,NULL,14),(200,0,NULL,8,NULL,14),(201,1,25,NULL,NULL,14),(202,1,19,NULL,NULL,14),(203,1,16,NULL,NULL,14),(204,1,30,NULL,NULL,14),(205,1,9,NULL,NULL,14),(206,2,NULL,NULL,7,14),(207,2,NULL,NULL,18,14),(208,2,NULL,NULL,16,14),(209,2,NULL,NULL,6,14),(210,2,NULL,NULL,2,14),(211,0,NULL,10,NULL,15),(212,0,NULL,2,NULL,15),(213,0,NULL,12,NULL,15),(214,0,NULL,4,NULL,15),(215,0,NULL,1,NULL,15),(216,1,11,NULL,NULL,15),(217,1,10,NULL,NULL,15),(218,1,28,NULL,NULL,15),(219,1,29,NULL,NULL,15),(220,1,18,NULL,NULL,15),(221,2,NULL,NULL,2,15),(222,2,NULL,NULL,15,15),(223,2,NULL,NULL,18,15),(224,2,NULL,NULL,1,15),(225,2,NULL,NULL,6,15),(226,0,NULL,15,NULL,16),(227,0,NULL,6,NULL,16),(228,0,NULL,19,NULL,16),(229,0,NULL,7,NULL,16),(230,0,NULL,13,NULL,16),(231,1,22,NULL,NULL,16),(232,1,25,NULL,NULL,16),(233,1,8,NULL,NULL,16),(234,1,5,NULL,NULL,16),(235,1,19,NULL,NULL,16),(236,2,NULL,NULL,18,16),(237,2,NULL,NULL,13,16),(238,2,NULL,NULL,16,16),(239,2,NULL,NULL,9,16),(240,2,NULL,NULL,17,16),(241,0,NULL,1,NULL,17),(242,0,NULL,7,NULL,17),(243,0,NULL,18,NULL,17),(244,0,NULL,17,NULL,17),(245,0,NULL,15,NULL,17),(246,1,11,NULL,NULL,17),(247,1,25,NULL,NULL,17),(248,1,2,NULL,NULL,17),(249,1,14,NULL,NULL,17),(250,1,9,NULL,NULL,17),(251,2,NULL,NULL,1,17),(252,2,NULL,NULL,2,17),(253,2,NULL,NULL,14,17),(254,2,NULL,NULL,3,17),(255,2,NULL,NULL,12,17),(256,0,NULL,9,NULL,18),(257,0,NULL,20,NULL,18),(258,0,NULL,2,NULL,18),(259,0,NULL,13,NULL,18),(260,0,NULL,10,NULL,18),(261,1,2,NULL,NULL,18),(262,1,13,NULL,NULL,18),(263,1,29,NULL,NULL,18),(264,1,30,NULL,NULL,18),(265,1,4,NULL,NULL,18),(266,2,NULL,NULL,20,18),(267,2,NULL,NULL,9,18),(268,2,NULL,NULL,8,18),(269,2,NULL,NULL,1,18),(270,2,NULL,NULL,16,18),(271,0,NULL,14,NULL,19),(272,0,NULL,20,NULL,19),(273,0,NULL,8,NULL,19),(274,0,NULL,2,NULL,19),(275,0,NULL,10,NULL,19),(276,1,22,NULL,NULL,19),(277,1,16,NULL,NULL,19),(278,1,17,NULL,NULL,19),(279,1,2,NULL,NULL,19),(280,1,15,NULL,NULL,19),(281,2,NULL,NULL,6,19),(282,2,NULL,NULL,2,19),(283,2,NULL,NULL,14,19),(284,2,NULL,NULL,4,19),(285,2,NULL,NULL,5,19),(286,0,NULL,5,NULL,20),(287,0,NULL,14,NULL,20),(288,0,NULL,18,NULL,20),(289,0,NULL,1,NULL,20),(290,0,NULL,9,NULL,20),(291,1,19,NULL,NULL,20),(292,1,30,NULL,NULL,20),(293,1,7,NULL,NULL,20),(294,1,3,NULL,NULL,20),(295,1,6,NULL,NULL,20),(296,2,NULL,NULL,3,20),(297,2,NULL,NULL,17,20),(298,2,NULL,NULL,14,20),(299,2,NULL,NULL,7,20),(300,2,NULL,NULL,6,20),(301,0,NULL,17,NULL,21),(302,0,NULL,8,NULL,21),(303,0,NULL,16,NULL,21),(304,0,NULL,15,NULL,21),(305,0,NULL,9,NULL,21),(306,1,27,NULL,NULL,21),(307,1,5,NULL,NULL,21),(308,1,3,NULL,NULL,21),(309,1,25,NULL,NULL,21),(310,1,9,NULL,NULL,21),(311,2,NULL,NULL,18,21),(312,2,NULL,NULL,6,21),(313,2,NULL,NULL,16,21),(314,2,NULL,NULL,11,21),(315,2,NULL,NULL,13,21),(316,0,NULL,3,NULL,22),(317,0,NULL,15,NULL,22),(318,0,NULL,7,NULL,22),(319,0,NULL,17,NULL,22),(320,0,NULL,19,NULL,22),(321,1,13,NULL,NULL,22),(322,1,7,NULL,NULL,22),(323,1,25,NULL,NULL,22),(324,1,4,NULL,NULL,22),(325,1,28,NULL,NULL,22),(326,2,NULL,NULL,13,22),(327,2,NULL,NULL,20,22),(328,2,NULL,NULL,16,22),(329,2,NULL,NULL,11,22),(330,2,NULL,NULL,1,22),(331,0,NULL,17,NULL,23),(332,0,NULL,7,NULL,23),(333,0,NULL,11,NULL,23),(334,0,NULL,1,NULL,23),(335,0,NULL,16,NULL,23),(336,1,29,NULL,NULL,23),(337,1,19,NULL,NULL,23),(338,1,25,NULL,NULL,23),(339,1,6,NULL,NULL,23),(340,1,27,NULL,NULL,23),(341,2,NULL,NULL,12,23),(342,2,NULL,NULL,3,23),(343,2,NULL,NULL,6,23),(344,2,NULL,NULL,11,23),(345,2,NULL,NULL,4,23),(346,0,NULL,18,NULL,24),(347,0,NULL,16,NULL,24),(348,0,NULL,19,NULL,24),(349,0,NULL,4,NULL,24),(350,0,NULL,8,NULL,24),(351,1,11,NULL,NULL,24),(352,1,15,NULL,NULL,24),(353,1,10,NULL,NULL,24),(354,1,24,NULL,NULL,24),(355,1,7,NULL,NULL,24),(356,2,NULL,NULL,4,24),(357,2,NULL,NULL,12,24),(358,2,NULL,NULL,8,24),(359,2,NULL,NULL,1,24),(360,2,NULL,NULL,16,24),(361,0,NULL,3,NULL,25),(362,0,NULL,1,NULL,25),(363,0,NULL,15,NULL,25),(364,0,NULL,8,NULL,25),(365,0,NULL,16,NULL,25),(366,1,2,NULL,NULL,25),(367,1,29,NULL,NULL,25),(368,1,5,NULL,NULL,25),(369,1,16,NULL,NULL,25),(370,1,6,NULL,NULL,25),(371,2,NULL,NULL,5,25),(372,2,NULL,NULL,7,25),(373,2,NULL,NULL,9,25),(374,2,NULL,NULL,14,25),(375,2,NULL,NULL,4,25),(376,0,NULL,7,NULL,26),(377,0,NULL,17,NULL,26),(378,0,NULL,18,NULL,26),(379,0,NULL,4,NULL,26),(380,0,NULL,13,NULL,26),(381,1,13,NULL,NULL,26),(382,1,4,NULL,NULL,26),(383,1,5,NULL,NULL,26),(384,1,6,NULL,NULL,26),(385,1,23,NULL,NULL,26),(386,2,NULL,NULL,12,26),(387,2,NULL,NULL,14,26),(388,2,NULL,NULL,15,26),(389,2,NULL,NULL,18,26),(390,2,NULL,NULL,10,26),(391,0,NULL,14,NULL,27),(392,0,NULL,7,NULL,27),(393,0,NULL,13,NULL,27),(394,0,NULL,9,NULL,27),(395,0,NULL,6,NULL,27),(396,1,7,NULL,NULL,27),(397,1,12,NULL,NULL,27),(398,1,5,NULL,NULL,27),(399,1,1,NULL,NULL,27),(400,1,29,NULL,NULL,27),(401,2,NULL,NULL,20,27),(402,2,NULL,NULL,12,27),(403,2,NULL,NULL,17,27),(404,2,NULL,NULL,5,27),(405,2,NULL,NULL,10,27),(406,0,NULL,8,NULL,28),(407,0,NULL,9,NULL,28),(408,0,NULL,20,NULL,28),(409,0,NULL,17,NULL,28),(410,0,NULL,12,NULL,28),(411,1,15,NULL,NULL,28),(412,1,20,NULL,NULL,28),(413,1,23,NULL,NULL,28),(414,1,16,NULL,NULL,28),(415,1,18,NULL,NULL,28),(416,2,NULL,NULL,13,28),(417,2,NULL,NULL,4,28),(418,2,NULL,NULL,6,28),(419,2,NULL,NULL,18,28),(420,2,NULL,NULL,2,28),(421,0,NULL,17,NULL,29),(422,0,NULL,5,NULL,29),(423,0,NULL,13,NULL,29),(424,0,NULL,10,NULL,29),(425,0,NULL,20,NULL,29),(426,1,10,NULL,NULL,29),(427,1,25,NULL,NULL,29),(428,1,21,NULL,NULL,29),(429,1,27,NULL,NULL,29),(430,1,20,NULL,NULL,29),(431,2,NULL,NULL,11,29),(432,2,NULL,NULL,6,29),(433,2,NULL,NULL,4,29),(434,2,NULL,NULL,15,29),(435,2,NULL,NULL,14,29),(436,0,NULL,16,NULL,30),(437,0,NULL,9,NULL,30),(438,0,NULL,5,NULL,30),(439,0,NULL,18,NULL,30),(440,0,NULL,8,NULL,30),(441,1,3,NULL,NULL,30),(442,1,19,NULL,NULL,30),(443,1,2,NULL,NULL,30),(444,1,6,NULL,NULL,30),(445,1,7,NULL,NULL,30),(446,2,NULL,NULL,8,30),(447,2,NULL,NULL,18,30),(448,2,NULL,NULL,4,30),(449,2,NULL,NULL,14,30),(450,2,NULL,NULL,15,30),(451,0,NULL,17,NULL,31),(452,0,NULL,12,NULL,31),(453,0,NULL,4,NULL,31),(454,0,NULL,9,NULL,31),(455,0,NULL,18,NULL,31),(456,1,10,NULL,NULL,31),(457,1,3,NULL,NULL,31),(458,1,16,NULL,NULL,31),(459,1,20,NULL,NULL,31),(460,1,22,NULL,NULL,31),(461,2,NULL,NULL,13,31),(462,2,NULL,NULL,10,31),(463,2,NULL,NULL,7,31),(464,2,NULL,NULL,14,31),(465,2,NULL,NULL,15,31),(466,0,NULL,1,NULL,32),(467,0,NULL,15,NULL,32),(468,0,NULL,10,NULL,32),(469,0,NULL,18,NULL,32),(470,0,NULL,17,NULL,32),(471,1,15,NULL,NULL,32),(472,1,11,NULL,NULL,32),(473,1,14,NULL,NULL,32),(474,1,23,NULL,NULL,32),(475,1,10,NULL,NULL,32),(476,2,NULL,NULL,20,32),(477,2,NULL,NULL,3,32),(478,2,NULL,NULL,14,32),(479,2,NULL,NULL,19,32),(480,2,NULL,NULL,13,32),(481,0,NULL,2,NULL,33),(482,0,NULL,18,NULL,33),(483,0,NULL,1,NULL,33),(484,0,NULL,17,NULL,33),(485,0,NULL,13,NULL,33),(486,1,17,NULL,NULL,33),(487,1,26,NULL,NULL,33),(488,1,22,NULL,NULL,33),(489,1,29,NULL,NULL,33),(490,1,30,NULL,NULL,33),(491,2,NULL,NULL,18,33),(492,2,NULL,NULL,7,33),(493,2,NULL,NULL,13,33),(494,2,NULL,NULL,16,33),(495,2,NULL,NULL,1,33),(496,0,NULL,19,NULL,34),(497,0,NULL,2,NULL,34),(498,0,NULL,5,NULL,34),(499,0,NULL,17,NULL,34),(500,0,NULL,11,NULL,34),(501,1,22,NULL,NULL,34),(502,1,2,NULL,NULL,34),(503,1,15,NULL,NULL,34),(504,1,6,NULL,NULL,34),(505,1,1,NULL,NULL,34),(506,2,NULL,NULL,18,34),(507,2,NULL,NULL,14,34),(508,2,NULL,NULL,11,34),(509,2,NULL,NULL,15,34),(510,2,NULL,NULL,19,34),(511,0,NULL,2,NULL,35),(512,0,NULL,5,NULL,35),(513,0,NULL,1,NULL,35),(514,0,NULL,18,NULL,35),(515,0,NULL,17,NULL,35),(516,1,8,NULL,NULL,35),(517,1,24,NULL,NULL,35),(518,1,22,NULL,NULL,35),(519,1,28,NULL,NULL,35),(520,1,19,NULL,NULL,35),(521,2,NULL,NULL,17,35),(522,2,NULL,NULL,8,35),(523,2,NULL,NULL,18,35),(524,2,NULL,NULL,4,35),(525,2,NULL,NULL,7,35),(526,0,NULL,5,NULL,36),(527,0,NULL,19,NULL,36),(528,0,NULL,8,NULL,36),(529,0,NULL,2,NULL,36),(530,0,NULL,13,NULL,36),(531,1,2,NULL,NULL,36),(532,1,15,NULL,NULL,36),(533,1,3,NULL,NULL,36),(534,1,1,NULL,NULL,36),(535,1,29,NULL,NULL,36),(536,2,NULL,NULL,6,36),(537,2,NULL,NULL,18,36),(538,2,NULL,NULL,5,36),(539,2,NULL,NULL,19,36),(540,2,NULL,NULL,20,36),(541,0,NULL,20,NULL,37),(542,0,NULL,17,NULL,37),(543,0,NULL,13,NULL,37),(544,0,NULL,10,NULL,37),(545,0,NULL,8,NULL,37),(546,1,15,NULL,NULL,37),(547,1,25,NULL,NULL,37),(548,1,17,NULL,NULL,37),(549,1,19,NULL,NULL,37),(550,1,21,NULL,NULL,37),(551,2,NULL,NULL,19,37),(552,2,NULL,NULL,11,37),(553,2,NULL,NULL,17,37),(554,2,NULL,NULL,1,37),(555,2,NULL,NULL,12,37),(556,0,NULL,7,NULL,38),(557,0,NULL,20,NULL,38),(558,0,NULL,9,NULL,38),(559,0,NULL,15,NULL,38),(560,0,NULL,19,NULL,38),(561,1,25,NULL,NULL,38),(562,1,3,NULL,NULL,38),(563,1,20,NULL,NULL,38),(564,1,12,NULL,NULL,38),(565,1,9,NULL,NULL,38),(566,2,NULL,NULL,15,38),(567,2,NULL,NULL,16,38),(568,2,NULL,NULL,1,38),(569,2,NULL,NULL,17,38),(570,2,NULL,NULL,14,38),(571,0,NULL,15,NULL,39),(572,0,NULL,16,NULL,39),(573,0,NULL,10,NULL,39),(574,0,NULL,5,NULL,39),(575,0,NULL,11,NULL,39),(576,1,2,NULL,NULL,39),(577,1,11,NULL,NULL,39),(578,1,9,NULL,NULL,39),(579,1,6,NULL,NULL,39),(580,1,12,NULL,NULL,39),(581,2,NULL,NULL,7,39),(582,2,NULL,NULL,2,39),(583,2,NULL,NULL,17,39),(584,2,NULL,NULL,10,39),(585,2,NULL,NULL,20,39),(586,0,NULL,6,NULL,40),(587,0,NULL,17,NULL,40),(588,0,NULL,13,NULL,40),(589,0,NULL,16,NULL,40),(590,0,NULL,1,NULL,40),(591,1,14,NULL,NULL,40),(592,1,2,NULL,NULL,40),(593,1,10,NULL,NULL,40),(594,1,29,NULL,NULL,40),(595,1,1,NULL,NULL,40),(596,2,NULL,NULL,7,40),(597,2,NULL,NULL,14,40),(598,2,NULL,NULL,13,40),(599,2,NULL,NULL,19,40),(600,2,NULL,NULL,17,40),(601,0,NULL,13,NULL,41),(602,0,NULL,19,NULL,41),(603,0,NULL,10,NULL,41),(604,0,NULL,7,NULL,41),(605,0,NULL,17,NULL,41),(606,1,12,NULL,NULL,41),(607,1,6,NULL,NULL,41),(608,1,20,NULL,NULL,41),(609,1,19,NULL,NULL,41),(610,1,1,NULL,NULL,41),(611,2,NULL,NULL,12,41),(612,2,NULL,NULL,7,41),(613,2,NULL,NULL,10,41),(614,2,NULL,NULL,1,41),(615,2,NULL,NULL,2,41),(616,0,NULL,15,NULL,42),(617,0,NULL,1,NULL,42),(618,0,NULL,11,NULL,42),(619,0,NULL,2,NULL,42),(620,0,NULL,18,NULL,42),(621,1,8,NULL,NULL,42),(622,1,16,NULL,NULL,42),(623,1,6,NULL,NULL,42),(624,1,4,NULL,NULL,42),(625,1,15,NULL,NULL,42),(626,2,NULL,NULL,14,42),(627,2,NULL,NULL,17,42),(628,2,NULL,NULL,11,42),(629,2,NULL,NULL,13,42),(630,2,NULL,NULL,4,42),(631,0,NULL,19,NULL,43),(632,0,NULL,10,NULL,43),(633,0,NULL,7,NULL,43),(634,0,NULL,11,NULL,43),(635,0,NULL,17,NULL,43),(636,1,22,NULL,NULL,43),(637,1,16,NULL,NULL,43),(638,1,28,NULL,NULL,43),(639,1,2,NULL,NULL,43),(640,1,9,NULL,NULL,43),(641,2,NULL,NULL,10,43),(642,2,NULL,NULL,4,43),(643,2,NULL,NULL,7,43),(644,2,NULL,NULL,14,43),(645,2,NULL,NULL,17,43),(646,0,NULL,10,NULL,44),(647,0,NULL,8,NULL,44),(648,0,NULL,11,NULL,44),(649,0,NULL,12,NULL,44),(650,0,NULL,5,NULL,44),(651,1,19,NULL,NULL,44),(652,1,18,NULL,NULL,44),(653,1,1,NULL,NULL,44),(654,1,11,NULL,NULL,44),(655,1,8,NULL,NULL,44),(656,2,NULL,NULL,18,44),(657,2,NULL,NULL,4,44),(658,2,NULL,NULL,10,44),(659,2,NULL,NULL,14,44),(660,2,NULL,NULL,6,44),(661,0,NULL,19,NULL,45),(662,0,NULL,7,NULL,45),(663,0,NULL,14,NULL,45),(664,0,NULL,9,NULL,45),(665,0,NULL,6,NULL,45),(666,1,18,NULL,NULL,45),(667,1,16,NULL,NULL,45),(668,1,20,NULL,NULL,45),(669,1,4,NULL,NULL,45),(670,1,28,NULL,NULL,45),(671,2,NULL,NULL,13,45),(672,2,NULL,NULL,10,45),(673,2,NULL,NULL,16,45),(674,2,NULL,NULL,8,45),(675,2,NULL,NULL,9,45),(676,0,NULL,17,NULL,46),(677,0,NULL,3,NULL,46),(678,0,NULL,14,NULL,46),(679,0,NULL,20,NULL,46),(680,0,NULL,18,NULL,46),(681,1,15,NULL,NULL,46),(682,1,29,NULL,NULL,46),(683,1,30,NULL,NULL,46),(684,1,17,NULL,NULL,46),(685,1,2,NULL,NULL,46),(686,2,NULL,NULL,17,46),(687,2,NULL,NULL,3,46),(688,2,NULL,NULL,9,46),(689,2,NULL,NULL,8,46),(690,2,NULL,NULL,13,46),(691,0,NULL,12,NULL,47),(692,0,NULL,14,NULL,47),(693,0,NULL,5,NULL,47),(694,0,NULL,20,NULL,47),(695,0,NULL,8,NULL,47),(696,1,29,NULL,NULL,47),(697,1,30,NULL,NULL,47),(698,1,8,NULL,NULL,47),(699,1,6,NULL,NULL,47),(700,1,26,NULL,NULL,47),(701,2,NULL,NULL,4,47),(702,2,NULL,NULL,19,47),(703,2,NULL,NULL,15,47),(704,2,NULL,NULL,8,47),(705,2,NULL,NULL,12,47),(706,0,NULL,14,NULL,48),(707,0,NULL,12,NULL,48),(708,0,NULL,5,NULL,48),(709,0,NULL,16,NULL,48),(710,0,NULL,1,NULL,48),(711,1,18,NULL,NULL,48),(712,1,19,NULL,NULL,48),(713,1,7,NULL,NULL,48),(714,1,23,NULL,NULL,48),(715,1,21,NULL,NULL,48),(716,2,NULL,NULL,10,48),(717,2,NULL,NULL,7,48),(718,2,NULL,NULL,18,48),(719,2,NULL,NULL,14,48),(720,2,NULL,NULL,1,48),(721,0,NULL,12,NULL,49),(722,0,NULL,17,NULL,49),(723,0,NULL,13,NULL,49),(724,0,NULL,4,NULL,49),(725,0,NULL,2,NULL,49),(726,1,1,NULL,NULL,49),(727,1,28,NULL,NULL,49),(728,1,27,NULL,NULL,49),(729,1,5,NULL,NULL,49),(730,1,17,NULL,NULL,49),(731,2,NULL,NULL,14,49),(732,2,NULL,NULL,10,49),(733,2,NULL,NULL,12,49),(734,2,NULL,NULL,19,49),(735,2,NULL,NULL,5,49),(736,0,NULL,3,NULL,50),(737,0,NULL,13,NULL,50),(738,0,NULL,17,NULL,50),(739,0,NULL,19,NULL,50),(740,0,NULL,12,NULL,50),(741,1,13,NULL,NULL,50),(742,1,17,NULL,NULL,50),(743,1,14,NULL,NULL,50),(744,1,8,NULL,NULL,50),(745,1,16,NULL,NULL,50),(746,2,NULL,NULL,1,50),(747,2,NULL,NULL,13,50),(748,2,NULL,NULL,20,50),(749,2,NULL,NULL,4,50),(750,2,NULL,NULL,16,50),(751,0,NULL,3,NULL,51),(752,0,NULL,14,NULL,51),(753,0,NULL,6,NULL,51),(754,0,NULL,16,NULL,51),(755,0,NULL,15,NULL,51),(756,1,25,NULL,NULL,51),(757,1,24,NULL,NULL,51),(758,1,29,NULL,NULL,51),(759,1,12,NULL,NULL,51),(760,1,2,NULL,NULL,51),(761,2,NULL,NULL,3,51),(762,2,NULL,NULL,6,51),(763,2,NULL,NULL,18,51),(764,2,NULL,NULL,15,51),(765,2,NULL,NULL,13,51),(766,0,NULL,19,NULL,52),(767,0,NULL,17,NULL,52),(768,0,NULL,9,NULL,52),(769,0,NULL,10,NULL,52),(770,0,NULL,5,NULL,52),(771,1,4,NULL,NULL,52),(772,1,17,NULL,NULL,52),(773,1,22,NULL,NULL,52),(774,1,16,NULL,NULL,52),(775,1,21,NULL,NULL,52),(776,2,NULL,NULL,18,52),(777,2,NULL,NULL,2,52),(778,2,NULL,NULL,19,52),(779,2,NULL,NULL,7,52),(780,2,NULL,NULL,20,52),(781,0,NULL,4,NULL,53),(782,0,NULL,12,NULL,53),(783,0,NULL,2,NULL,53),(784,0,NULL,17,NULL,53),(785,0,NULL,20,NULL,53),(786,1,27,NULL,NULL,53),(787,1,15,NULL,NULL,53),(788,1,10,NULL,NULL,53),(789,1,11,NULL,NULL,53),(790,1,22,NULL,NULL,53),(791,2,NULL,NULL,17,53),(792,2,NULL,NULL,15,53),(793,2,NULL,NULL,14,53),(794,2,NULL,NULL,6,53),(795,2,NULL,NULL,2,53),(796,0,NULL,7,NULL,54),(797,0,NULL,16,NULL,54),(798,0,NULL,5,NULL,54),(799,0,NULL,10,NULL,54),(800,0,NULL,15,NULL,54),(801,1,14,NULL,NULL,54),(802,1,5,NULL,NULL,54),(803,1,13,NULL,NULL,54),(804,1,25,NULL,NULL,54),(805,1,4,NULL,NULL,54),(806,2,NULL,NULL,13,54),(807,2,NULL,NULL,5,54),(808,2,NULL,NULL,14,54),(809,2,NULL,NULL,10,54),(810,2,NULL,NULL,1,54),(811,0,NULL,19,NULL,55),(812,0,NULL,18,NULL,55),(813,0,NULL,15,NULL,55),(814,0,NULL,10,NULL,55),(815,0,NULL,4,NULL,55),(816,1,6,NULL,NULL,55),(817,1,7,NULL,NULL,55),(818,1,26,NULL,NULL,55),(819,1,1,NULL,NULL,55),(820,1,17,NULL,NULL,55),(821,2,NULL,NULL,12,55),(822,2,NULL,NULL,19,55),(823,2,NULL,NULL,2,55),(824,2,NULL,NULL,11,55),(825,2,NULL,NULL,6,55),(826,0,NULL,10,NULL,56),(827,0,NULL,3,NULL,56),(828,0,NULL,5,NULL,56),(829,0,NULL,20,NULL,56),(830,0,NULL,8,NULL,56),(831,1,30,NULL,NULL,56),(832,1,6,NULL,NULL,56),(833,1,8,NULL,NULL,56),(834,1,2,NULL,NULL,56),(835,1,15,NULL,NULL,56),(836,2,NULL,NULL,5,56),(837,2,NULL,NULL,16,56),(838,2,NULL,NULL,20,56),(839,2,NULL,NULL,18,56),(840,2,NULL,NULL,17,56),(841,0,NULL,3,NULL,57),(842,0,NULL,20,NULL,57),(843,0,NULL,7,NULL,57),(844,0,NULL,15,NULL,57),(845,0,NULL,10,NULL,57),(846,1,5,NULL,NULL,57),(847,1,8,NULL,NULL,57),(848,1,19,NULL,NULL,57),(849,1,29,NULL,NULL,57),(850,1,11,NULL,NULL,57),(851,2,NULL,NULL,6,57),(852,2,NULL,NULL,20,57),(853,2,NULL,NULL,12,57),(854,2,NULL,NULL,16,57),(855,2,NULL,NULL,4,57),(856,0,NULL,10,NULL,58),(857,0,NULL,17,NULL,58),(858,0,NULL,18,NULL,58),(859,0,NULL,11,NULL,58),(860,0,NULL,14,NULL,58),(861,1,2,NULL,NULL,58),(862,1,16,NULL,NULL,58),(863,1,27,NULL,NULL,58),(864,1,5,NULL,NULL,58),(865,1,24,NULL,NULL,58),(866,2,NULL,NULL,8,58),(867,2,NULL,NULL,19,58),(868,2,NULL,NULL,6,58),(869,2,NULL,NULL,14,58),(870,2,NULL,NULL,7,58),(871,0,NULL,13,NULL,59),(872,0,NULL,15,NULL,59),(873,0,NULL,6,NULL,59),(874,0,NULL,14,NULL,59),(875,0,NULL,18,NULL,59),(876,1,20,NULL,NULL,59),(877,1,17,NULL,NULL,59),(878,1,14,NULL,NULL,59),(879,1,18,NULL,NULL,59),(880,1,10,NULL,NULL,59),(881,2,NULL,NULL,4,59),(882,2,NULL,NULL,14,59),(883,2,NULL,NULL,3,59),(884,2,NULL,NULL,6,59),(885,2,NULL,NULL,20,59),(886,0,NULL,4,NULL,60),(887,0,NULL,20,NULL,60),(888,0,NULL,8,NULL,60),(889,0,NULL,19,NULL,60),(890,0,NULL,12,NULL,60),(891,1,7,NULL,NULL,60),(892,1,8,NULL,NULL,60),(893,1,5,NULL,NULL,60),(894,1,12,NULL,NULL,60),(895,1,28,NULL,NULL,60),(896,2,NULL,NULL,13,60),(897,2,NULL,NULL,7,60),(898,2,NULL,NULL,1,60),(899,2,NULL,NULL,19,60),(900,2,NULL,NULL,12,60),(901,0,NULL,8,NULL,61),(902,0,NULL,4,NULL,61),(903,0,NULL,19,NULL,61),(904,0,NULL,1,NULL,61),(905,0,NULL,2,NULL,61),(906,1,22,NULL,NULL,61),(907,1,10,NULL,NULL,61),(908,1,11,NULL,NULL,61),(909,1,29,NULL,NULL,61),(910,1,18,NULL,NULL,61),(911,2,NULL,NULL,6,61),(912,2,NULL,NULL,3,61),(913,2,NULL,NULL,7,61),(914,2,NULL,NULL,19,61),(915,2,NULL,NULL,12,61),(916,0,NULL,5,NULL,62),(917,0,NULL,13,NULL,62),(918,0,NULL,12,NULL,62),(919,0,NULL,19,NULL,62),(920,0,NULL,1,NULL,62),(921,1,23,NULL,NULL,62),(922,1,30,NULL,NULL,62),(923,1,21,NULL,NULL,62),(924,1,26,NULL,NULL,62),(925,1,3,NULL,NULL,62),(926,2,NULL,NULL,16,62),(927,2,NULL,NULL,19,62),(928,2,NULL,NULL,2,62),(929,2,NULL,NULL,13,62),(930,2,NULL,NULL,9,62),(948,0,NULL,1,NULL,64),(949,0,NULL,2,NULL,64),(950,0,NULL,3,NULL,64),(951,0,NULL,5,NULL,64),(952,0,NULL,6,NULL,64),(953,0,NULL,7,NULL,64),(954,0,NULL,11,NULL,64),(955,0,NULL,12,NULL,64),(956,1,5,NULL,NULL,64),(957,1,6,NULL,NULL,64),(958,1,10,NULL,NULL,64),(959,1,11,NULL,NULL,64),(960,1,14,NULL,NULL,64),(961,1,15,NULL,NULL,64),(962,1,24,NULL,NULL,64),(963,1,29,NULL,NULL,64),(964,2,NULL,NULL,12,64),(965,2,NULL,NULL,14,64),(966,2,NULL,NULL,15,64),(967,2,NULL,NULL,16,64),(968,2,NULL,NULL,17,64),(969,0,NULL,4,NULL,65),(970,0,NULL,3,NULL,65),(971,0,NULL,19,NULL,65),(972,0,NULL,8,NULL,65),(973,0,NULL,10,NULL,65),(974,0,NULL,12,NULL,65),(975,1,2,NULL,NULL,65),(976,1,24,NULL,NULL,65),(977,1,29,NULL,NULL,65),(978,1,16,NULL,NULL,65),(979,1,18,NULL,NULL,65),(980,1,27,NULL,NULL,65),(981,1,8,NULL,NULL,65),(982,2,NULL,NULL,16,65),(983,2,NULL,NULL,20,65),(984,2,NULL,NULL,4,65),(985,2,NULL,NULL,9,65),(986,2,NULL,NULL,6,65),(987,2,NULL,NULL,11,65),(988,0,NULL,3,NULL,66),(989,0,NULL,18,NULL,66),(990,0,NULL,16,NULL,66),(991,1,9,NULL,NULL,66),(992,1,11,NULL,NULL,66),(993,1,28,NULL,NULL,66),(994,1,22,NULL,NULL,66),(995,1,8,NULL,NULL,66),(996,2,NULL,NULL,4,66),(997,2,NULL,NULL,20,66),(998,2,NULL,NULL,3,66),(999,2,NULL,NULL,1,66),(1000,0,NULL,15,NULL,67),(1001,0,NULL,20,NULL,67),(1002,0,NULL,8,NULL,67),(1003,0,NULL,16,NULL,67),(1004,0,NULL,14,NULL,67),(1005,2,NULL,NULL,8,67),(1006,2,NULL,NULL,13,67),(1007,2,NULL,NULL,1,67),(1008,2,NULL,NULL,11,67),(1009,2,NULL,NULL,14,67),(1010,0,NULL,18,NULL,68),(1011,0,NULL,5,NULL,68),(1012,0,NULL,9,NULL,68),(1013,0,NULL,14,NULL,68),(1014,0,NULL,3,NULL,68),(1015,1,24,NULL,NULL,68),(1016,1,7,NULL,NULL,68),(1017,1,26,NULL,NULL,68),(1018,1,15,NULL,NULL,68),(1019,1,1,NULL,NULL,68),(1020,1,2,NULL,NULL,68),(1021,1,22,NULL,NULL,68),(1022,1,25,NULL,NULL,68),(1023,1,13,NULL,NULL,68),(1024,2,NULL,NULL,4,68),(1025,2,NULL,NULL,14,68),(1026,2,NULL,NULL,1,68),(1027,2,NULL,NULL,13,68),(1028,2,NULL,NULL,18,68),(1029,2,NULL,NULL,20,68),(1030,0,NULL,9,NULL,69),(1031,0,NULL,10,NULL,69),(1032,0,NULL,18,NULL,69),(1033,0,NULL,15,NULL,69),(1034,0,NULL,4,NULL,69),(1035,1,22,NULL,NULL,69),(1036,1,13,NULL,NULL,69),(1037,1,30,NULL,NULL,69),(1038,1,26,NULL,NULL,69),(1039,1,21,NULL,NULL,69),(1040,2,NULL,NULL,12,69),(1041,2,NULL,NULL,17,69),(1042,2,NULL,NULL,13,69),(1043,2,NULL,NULL,11,69),(1044,2,NULL,NULL,8,69),(1045,0,NULL,10,NULL,70),(1046,0,NULL,7,NULL,70),(1047,0,NULL,1,NULL,70),(1048,0,NULL,3,NULL,70),(1049,0,NULL,20,NULL,70),(1050,1,11,NULL,NULL,70),(1051,1,3,NULL,NULL,70),(1052,1,20,NULL,NULL,70),(1053,1,6,NULL,NULL,70),(1054,1,18,NULL,NULL,70),(1055,2,NULL,NULL,17,70),(1056,2,NULL,NULL,14,70),(1057,2,NULL,NULL,4,70),(1058,2,NULL,NULL,20,70),(1059,2,NULL,NULL,19,70),(1060,0,NULL,17,NULL,71),(1061,0,NULL,9,NULL,71),(1062,0,NULL,10,NULL,71),(1063,0,NULL,12,NULL,71),(1064,0,NULL,7,NULL,71),(1065,1,11,NULL,NULL,71),(1066,1,16,NULL,NULL,71),(1067,1,9,NULL,NULL,71),(1068,1,30,NULL,NULL,71),(1069,1,29,NULL,NULL,71),(1070,2,NULL,NULL,9,71),(1071,2,NULL,NULL,16,71),(1072,2,NULL,NULL,12,71),(1073,2,NULL,NULL,10,71),(1074,2,NULL,NULL,18,71),(1075,0,NULL,2,NULL,72),(1076,0,NULL,13,NULL,72),(1077,0,NULL,7,NULL,72),(1078,0,NULL,5,NULL,72),(1079,0,NULL,6,NULL,72),(1080,1,25,NULL,NULL,72),(1081,1,15,NULL,NULL,72),(1082,1,13,NULL,NULL,72),(1083,1,12,NULL,NULL,72),(1084,1,17,NULL,NULL,72),(1085,2,NULL,NULL,12,72),(1086,2,NULL,NULL,1,72),(1087,2,NULL,NULL,4,72),(1088,2,NULL,NULL,9,72),(1089,2,NULL,NULL,17,72),(1090,0,NULL,17,NULL,73),(1091,0,NULL,10,NULL,73),(1092,0,NULL,12,NULL,73),(1093,0,NULL,11,NULL,73),(1094,0,NULL,5,NULL,73),(1095,1,2,NULL,NULL,73),(1096,1,13,NULL,NULL,73),(1097,1,10,NULL,NULL,73),(1098,1,28,NULL,NULL,73),(1099,1,7,NULL,NULL,73),(1100,2,NULL,NULL,20,73),(1101,2,NULL,NULL,19,73),(1102,2,NULL,NULL,7,73),(1103,2,NULL,NULL,15,73),(1104,2,NULL,NULL,2,73),(1105,0,NULL,8,NULL,74),(1106,0,NULL,16,NULL,74),(1107,0,NULL,19,NULL,74),(1108,0,NULL,10,NULL,74),(1109,0,NULL,14,NULL,74),(1110,1,10,NULL,NULL,74),(1111,1,18,NULL,NULL,74),(1112,1,6,NULL,NULL,74),(1113,1,3,NULL,NULL,74),(1114,1,29,NULL,NULL,74),(1115,2,NULL,NULL,5,74),(1116,2,NULL,NULL,15,74),(1117,2,NULL,NULL,6,74),(1118,2,NULL,NULL,10,74),(1119,2,NULL,NULL,11,74),(1120,0,NULL,13,NULL,75),(1121,0,NULL,14,NULL,75),(1122,0,NULL,4,NULL,75),(1123,0,NULL,18,NULL,75),(1124,0,NULL,5,NULL,75),(1125,1,27,NULL,NULL,75),(1126,1,21,NULL,NULL,75),(1127,1,2,NULL,NULL,75),(1128,1,6,NULL,NULL,75),(1129,1,22,NULL,NULL,75),(1130,2,NULL,NULL,10,75),(1131,2,NULL,NULL,12,75),(1132,2,NULL,NULL,11,75),(1133,2,NULL,NULL,3,75),(1134,2,NULL,NULL,17,75),(1135,0,NULL,3,NULL,76),(1136,0,NULL,5,NULL,76),(1137,0,NULL,19,NULL,76),(1138,0,NULL,20,NULL,76),(1139,0,NULL,10,NULL,76),(1140,1,10,NULL,NULL,76),(1141,1,4,NULL,NULL,76),(1142,1,16,NULL,NULL,76),(1143,1,19,NULL,NULL,76),(1144,1,15,NULL,NULL,76),(1145,2,NULL,NULL,3,76),(1146,2,NULL,NULL,6,76),(1147,2,NULL,NULL,18,76),(1148,2,NULL,NULL,20,76),(1149,2,NULL,NULL,9,76),(1150,0,NULL,6,NULL,77),(1151,0,NULL,2,NULL,77),(1152,0,NULL,16,NULL,77),(1153,0,NULL,15,NULL,77),(1154,0,NULL,11,NULL,77),(1155,1,23,NULL,NULL,77),(1156,1,24,NULL,NULL,77),(1157,1,13,NULL,NULL,77),(1158,1,14,NULL,NULL,77),(1159,1,22,NULL,NULL,77),(1160,2,NULL,NULL,1,77),(1161,2,NULL,NULL,17,77),(1162,2,NULL,NULL,14,77),(1163,2,NULL,NULL,16,77),(1164,2,NULL,NULL,4,77),(1165,0,NULL,19,NULL,78),(1166,0,NULL,16,NULL,78),(1167,0,NULL,8,NULL,78),(1168,0,NULL,5,NULL,78),(1169,0,NULL,17,NULL,78),(1170,1,4,NULL,NULL,78),(1171,1,29,NULL,NULL,78),(1172,1,30,NULL,NULL,78),(1173,1,16,NULL,NULL,78),(1174,1,8,NULL,NULL,78),(1175,2,NULL,NULL,11,78),(1176,2,NULL,NULL,10,78),(1177,2,NULL,NULL,17,78),(1178,2,NULL,NULL,15,78),(1179,2,NULL,NULL,12,78),(1180,0,NULL,15,NULL,79),(1181,0,NULL,7,NULL,79),(1182,0,NULL,17,NULL,79),(1183,0,NULL,11,NULL,79),(1184,0,NULL,1,NULL,79),(1185,1,10,NULL,NULL,79),(1186,1,3,NULL,NULL,79),(1187,1,4,NULL,NULL,79),(1188,1,6,NULL,NULL,79),(1189,1,18,NULL,NULL,79),(1190,2,NULL,NULL,2,79),(1191,2,NULL,NULL,11,79),(1192,2,NULL,NULL,3,79),(1193,2,NULL,NULL,18,79),(1194,2,NULL,NULL,7,79),(1195,0,NULL,17,NULL,80),(1196,0,NULL,19,NULL,80),(1197,0,NULL,3,NULL,80),(1198,0,NULL,6,NULL,80),(1199,0,NULL,5,NULL,80),(1200,1,20,NULL,NULL,80),(1201,1,1,NULL,NULL,80),(1202,1,26,NULL,NULL,80),(1203,1,5,NULL,NULL,80),(1204,1,7,NULL,NULL,80),(1205,2,NULL,NULL,3,80),(1206,2,NULL,NULL,2,80),(1207,2,NULL,NULL,1,80),(1208,2,NULL,NULL,15,80),(1209,2,NULL,NULL,12,80),(1210,0,NULL,16,NULL,81),(1211,0,NULL,6,NULL,81),(1212,0,NULL,14,NULL,81),(1213,0,NULL,17,NULL,81),(1214,0,NULL,4,NULL,81),(1215,1,5,NULL,NULL,81),(1216,1,20,NULL,NULL,81),(1217,1,27,NULL,NULL,81),(1218,1,8,NULL,NULL,81),(1219,1,3,NULL,NULL,81),(1220,2,NULL,NULL,14,81),(1221,2,NULL,NULL,10,81),(1222,2,NULL,NULL,11,81),(1223,2,NULL,NULL,5,81),(1224,2,NULL,NULL,2,81),(1225,0,NULL,5,NULL,82),(1226,0,NULL,16,NULL,82),(1227,0,NULL,9,NULL,82),(1228,0,NULL,3,NULL,82),(1229,0,NULL,17,NULL,82),(1230,1,28,NULL,NULL,82),(1231,1,5,NULL,NULL,82),(1232,1,10,NULL,NULL,82),(1233,1,16,NULL,NULL,82),(1234,1,14,NULL,NULL,82),(1235,2,NULL,NULL,17,82),(1236,2,NULL,NULL,3,82),(1237,2,NULL,NULL,6,82),(1238,2,NULL,NULL,4,82),(1239,2,NULL,NULL,19,82),(1240,0,NULL,6,NULL,83),(1241,0,NULL,10,NULL,83),(1242,0,NULL,2,NULL,83),(1243,0,NULL,11,NULL,83),(1244,0,NULL,7,NULL,83),(1245,1,9,NULL,NULL,83),(1246,1,4,NULL,NULL,83),(1247,1,25,NULL,NULL,83),(1248,1,11,NULL,NULL,83),(1249,1,7,NULL,NULL,83),(1250,2,NULL,NULL,9,83),(1251,2,NULL,NULL,1,83),(1252,2,NULL,NULL,8,83),(1253,2,NULL,NULL,7,83),(1254,2,NULL,NULL,12,83),(1255,0,NULL,7,NULL,84),(1256,0,NULL,15,NULL,84),(1257,0,NULL,6,NULL,84),(1258,0,NULL,3,NULL,84),(1259,0,NULL,2,NULL,84),(1260,1,16,NULL,NULL,84),(1261,1,4,NULL,NULL,84),(1262,1,30,NULL,NULL,84),(1263,1,28,NULL,NULL,84),(1264,1,19,NULL,NULL,84),(1265,2,NULL,NULL,9,84),(1266,2,NULL,NULL,18,84),(1267,2,NULL,NULL,3,84),(1268,2,NULL,NULL,14,84),(1269,2,NULL,NULL,6,84),(1270,0,NULL,19,NULL,85),(1271,0,NULL,16,NULL,85),(1272,0,NULL,15,NULL,85),(1273,0,NULL,9,NULL,85),(1274,0,NULL,3,NULL,85),(1275,1,2,NULL,NULL,85),(1276,1,29,NULL,NULL,85),(1277,1,13,NULL,NULL,85),(1278,1,8,NULL,NULL,85),(1279,1,28,NULL,NULL,85),(1280,2,NULL,NULL,1,85),(1281,2,NULL,NULL,2,85),(1282,2,NULL,NULL,11,85),(1283,2,NULL,NULL,15,85),(1284,2,NULL,NULL,17,85),(1285,0,NULL,12,NULL,86),(1286,0,NULL,17,NULL,86),(1287,0,NULL,19,NULL,86),(1288,0,NULL,7,NULL,86),(1289,0,NULL,9,NULL,86),(1290,1,23,NULL,NULL,86),(1291,1,19,NULL,NULL,86),(1292,1,29,NULL,NULL,86),(1293,1,30,NULL,NULL,86),(1294,1,24,NULL,NULL,86),(1295,2,NULL,NULL,13,86),(1296,2,NULL,NULL,18,86),(1297,2,NULL,NULL,19,86),(1298,2,NULL,NULL,15,86),(1299,2,NULL,NULL,7,86),(1300,0,NULL,18,NULL,87),(1301,0,NULL,2,NULL,87),(1302,0,NULL,19,NULL,87),(1303,0,NULL,9,NULL,87),(1304,0,NULL,16,NULL,87),(1305,1,28,NULL,NULL,87),(1306,1,16,NULL,NULL,87),(1307,1,14,NULL,NULL,87),(1308,1,18,NULL,NULL,87),(1309,1,24,NULL,NULL,87),(1310,2,NULL,NULL,10,87),(1311,2,NULL,NULL,15,87),(1312,2,NULL,NULL,14,87),(1313,2,NULL,NULL,7,87),(1314,2,NULL,NULL,5,87),(1315,0,NULL,11,NULL,88),(1316,0,NULL,16,NULL,88),(1317,0,NULL,3,NULL,88),(1318,0,NULL,15,NULL,88),(1319,0,NULL,9,NULL,88),(1320,1,14,NULL,NULL,88),(1321,1,11,NULL,NULL,88),(1322,1,2,NULL,NULL,88),(1323,1,22,NULL,NULL,88),(1324,1,21,NULL,NULL,88),(1325,2,NULL,NULL,10,88),(1326,2,NULL,NULL,15,88),(1327,2,NULL,NULL,14,88),(1328,2,NULL,NULL,1,88),(1329,2,NULL,NULL,8,88),(1330,0,NULL,12,NULL,89),(1331,0,NULL,17,NULL,89),(1332,0,NULL,5,NULL,89),(1333,0,NULL,8,NULL,89),(1334,0,NULL,16,NULL,89),(1335,1,28,NULL,NULL,89),(1336,1,20,NULL,NULL,89),(1337,1,1,NULL,NULL,89),(1338,1,3,NULL,NULL,89),(1339,1,11,NULL,NULL,89),(1340,2,NULL,NULL,20,89),(1341,2,NULL,NULL,6,89),(1342,2,NULL,NULL,10,89),(1343,2,NULL,NULL,4,89),(1344,2,NULL,NULL,12,89),(1345,0,NULL,19,NULL,90),(1346,0,NULL,7,NULL,90),(1347,0,NULL,14,NULL,90),(1348,0,NULL,3,NULL,90),(1349,0,NULL,16,NULL,90),(1350,1,16,NULL,NULL,90),(1351,1,7,NULL,NULL,90),(1352,1,23,NULL,NULL,90),(1353,1,13,NULL,NULL,90),(1354,1,2,NULL,NULL,90),(1355,2,NULL,NULL,16,90),(1356,2,NULL,NULL,19,90),(1357,2,NULL,NULL,6,90),(1358,2,NULL,NULL,11,90),(1359,2,NULL,NULL,7,90),(1360,0,NULL,7,NULL,91),(1361,0,NULL,12,NULL,91),(1362,0,NULL,6,NULL,91),(1363,0,NULL,5,NULL,91),(1364,0,NULL,1,NULL,91),(1365,1,16,NULL,NULL,91),(1366,1,11,NULL,NULL,91),(1367,1,27,NULL,NULL,91),(1368,1,24,NULL,NULL,91),(1369,1,6,NULL,NULL,91),(1370,2,NULL,NULL,10,91),(1371,2,NULL,NULL,12,91),(1372,2,NULL,NULL,1,91),(1373,2,NULL,NULL,7,91),(1374,2,NULL,NULL,13,91),(1375,0,NULL,9,NULL,92),(1376,0,NULL,20,NULL,92),(1377,0,NULL,3,NULL,92),(1378,0,NULL,16,NULL,92),(1379,0,NULL,7,NULL,92),(1380,1,8,NULL,NULL,92),(1381,1,4,NULL,NULL,92),(1382,1,22,NULL,NULL,92),(1383,1,21,NULL,NULL,92),(1384,1,24,NULL,NULL,92),(1385,2,NULL,NULL,11,92),(1386,2,NULL,NULL,2,92),(1387,2,NULL,NULL,14,92),(1388,2,NULL,NULL,1,92),(1389,2,NULL,NULL,16,92),(1390,0,NULL,10,NULL,93),(1391,0,NULL,14,NULL,93),(1392,0,NULL,7,NULL,93),(1393,0,NULL,12,NULL,93),(1394,0,NULL,6,NULL,93),(1395,1,12,NULL,NULL,93),(1396,1,10,NULL,NULL,93),(1397,1,4,NULL,NULL,93),(1398,1,21,NULL,NULL,93),(1399,1,7,NULL,NULL,93),(1400,2,NULL,NULL,15,93),(1401,2,NULL,NULL,1,93),(1402,2,NULL,NULL,17,93),(1403,2,NULL,NULL,2,93),(1404,2,NULL,NULL,12,93),(1405,0,NULL,12,NULL,94),(1406,0,NULL,7,NULL,94),(1407,0,NULL,5,NULL,94),(1408,0,NULL,4,NULL,94),(1409,0,NULL,10,NULL,94),(1410,1,20,NULL,NULL,94),(1411,1,14,NULL,NULL,94),(1412,1,9,NULL,NULL,94),(1413,1,22,NULL,NULL,94),(1414,1,19,NULL,NULL,94),(1415,2,NULL,NULL,12,94),(1416,2,NULL,NULL,17,94),(1417,2,NULL,NULL,9,94),(1418,2,NULL,NULL,16,94),(1419,2,NULL,NULL,5,94),(1420,0,NULL,5,NULL,95),(1421,0,NULL,9,NULL,95),(1422,0,NULL,19,NULL,95),(1423,0,NULL,8,NULL,95),(1424,0,NULL,11,NULL,95),(1425,1,10,NULL,NULL,95),(1426,1,11,NULL,NULL,95),(1427,1,29,NULL,NULL,95),(1428,1,21,NULL,NULL,95),(1429,1,3,NULL,NULL,95),(1430,2,NULL,NULL,20,95),(1431,2,NULL,NULL,5,95),(1432,2,NULL,NULL,14,95),(1433,2,NULL,NULL,11,95),(1434,2,NULL,NULL,8,95),(1435,0,NULL,20,NULL,96),(1436,0,NULL,6,NULL,96),(1437,0,NULL,15,NULL,96),(1438,0,NULL,7,NULL,96),(1439,0,NULL,18,NULL,96),(1440,1,19,NULL,NULL,96),(1441,1,3,NULL,NULL,96),(1442,1,21,NULL,NULL,96),(1443,1,5,NULL,NULL,96),(1444,1,17,NULL,NULL,96),(1445,2,NULL,NULL,17,96),(1446,2,NULL,NULL,5,96),(1447,2,NULL,NULL,10,96),(1448,2,NULL,NULL,11,96),(1449,2,NULL,NULL,2,96),(1450,0,NULL,9,NULL,97),(1451,0,NULL,19,NULL,97),(1452,0,NULL,2,NULL,97),(1453,0,NULL,16,NULL,97),(1454,0,NULL,1,NULL,97),(1455,1,3,NULL,NULL,97),(1456,1,14,NULL,NULL,97),(1457,1,4,NULL,NULL,97),(1458,1,16,NULL,NULL,97),(1459,1,7,NULL,NULL,97),(1460,2,NULL,NULL,15,97),(1461,2,NULL,NULL,12,97),(1462,2,NULL,NULL,5,97),(1463,2,NULL,NULL,11,97),(1464,2,NULL,NULL,4,97),(1465,0,NULL,8,NULL,98),(1466,0,NULL,20,NULL,98),(1467,0,NULL,4,NULL,98),(1468,0,NULL,11,NULL,98),(1469,0,NULL,15,NULL,98),(1470,1,15,NULL,NULL,98),(1471,1,22,NULL,NULL,98),(1472,1,11,NULL,NULL,98),(1473,1,20,NULL,NULL,98),(1474,1,28,NULL,NULL,98),(1475,2,NULL,NULL,17,98),(1476,2,NULL,NULL,5,98),(1477,2,NULL,NULL,10,98),(1478,2,NULL,NULL,1,98),(1479,2,NULL,NULL,12,98),(1480,0,NULL,7,NULL,99),(1481,0,NULL,13,NULL,99),(1482,0,NULL,3,NULL,99),(1483,0,NULL,20,NULL,99),(1484,0,NULL,19,NULL,99),(1485,1,30,NULL,NULL,99),(1486,1,24,NULL,NULL,99),(1487,1,13,NULL,NULL,99),(1488,1,22,NULL,NULL,99),(1489,1,29,NULL,NULL,99),(1490,2,NULL,NULL,3,99),(1491,2,NULL,NULL,8,99),(1492,2,NULL,NULL,13,99),(1493,2,NULL,NULL,4,99),(1494,2,NULL,NULL,12,99),(1495,0,NULL,17,NULL,100),(1496,0,NULL,13,NULL,100),(1497,0,NULL,19,NULL,100),(1498,0,NULL,4,NULL,100),(1499,0,NULL,14,NULL,100),(1500,1,11,NULL,NULL,100),(1501,1,21,NULL,NULL,100),(1502,1,20,NULL,NULL,100),(1503,1,14,NULL,NULL,100),(1504,1,26,NULL,NULL,100),(1505,2,NULL,NULL,11,100),(1506,2,NULL,NULL,5,100),(1507,2,NULL,NULL,19,100),(1508,2,NULL,NULL,9,100),(1509,2,NULL,NULL,4,100),(1510,0,NULL,10,NULL,101),(1511,0,NULL,8,NULL,101),(1512,0,NULL,3,NULL,101),(1513,0,NULL,15,NULL,101),(1514,0,NULL,18,NULL,101),(1515,1,16,NULL,NULL,101),(1516,1,9,NULL,NULL,101),(1517,1,19,NULL,NULL,101),(1518,1,5,NULL,NULL,101),(1519,1,26,NULL,NULL,101),(1520,2,NULL,NULL,14,101),(1521,2,NULL,NULL,17,101),(1522,2,NULL,NULL,1,101),(1523,2,NULL,NULL,3,101),(1524,2,NULL,NULL,19,101),(1525,0,NULL,5,NULL,102),(1526,0,NULL,4,NULL,102),(1527,0,NULL,17,NULL,102),(1528,0,NULL,18,NULL,102),(1529,0,NULL,8,NULL,102),(1530,1,19,NULL,NULL,102),(1531,1,7,NULL,NULL,102),(1532,1,2,NULL,NULL,102),(1533,1,6,NULL,NULL,102),(1534,1,24,NULL,NULL,102),(1535,2,NULL,NULL,20,102),(1536,2,NULL,NULL,5,102),(1537,2,NULL,NULL,12,102),(1538,2,NULL,NULL,1,102),(1539,2,NULL,NULL,17,102),(1540,0,NULL,14,NULL,103),(1541,0,NULL,7,NULL,103),(1542,0,NULL,18,NULL,103),(1543,0,NULL,8,NULL,103),(1544,0,NULL,11,NULL,103),(1545,1,12,NULL,NULL,103),(1546,1,26,NULL,NULL,103),(1547,1,27,NULL,NULL,103),(1548,1,19,NULL,NULL,103),(1549,1,10,NULL,NULL,103),(1550,2,NULL,NULL,15,103),(1551,2,NULL,NULL,12,103),(1552,2,NULL,NULL,10,103),(1553,2,NULL,NULL,18,103),(1554,2,NULL,NULL,20,103),(1555,0,NULL,9,NULL,104),(1556,0,NULL,3,NULL,104),(1557,0,NULL,7,NULL,104),(1558,0,NULL,17,NULL,104),(1559,0,NULL,15,NULL,104),(1560,1,24,NULL,NULL,104),(1561,1,19,NULL,NULL,104),(1562,1,8,NULL,NULL,104),(1563,1,4,NULL,NULL,104),(1564,1,12,NULL,NULL,104),(1565,2,NULL,NULL,12,104),(1566,2,NULL,NULL,9,104),(1567,2,NULL,NULL,16,104),(1568,2,NULL,NULL,7,104),(1569,2,NULL,NULL,18,104),(1570,0,NULL,7,NULL,105),(1571,0,NULL,17,NULL,105),(1572,0,NULL,8,NULL,105),(1573,0,NULL,3,NULL,105),(1574,0,NULL,19,NULL,105),(1575,1,8,NULL,NULL,105),(1576,1,19,NULL,NULL,105),(1577,1,9,NULL,NULL,105),(1578,1,21,NULL,NULL,105),(1579,1,25,NULL,NULL,105),(1580,2,NULL,NULL,17,105),(1581,2,NULL,NULL,11,105),(1582,2,NULL,NULL,7,105),(1583,2,NULL,NULL,19,105),(1584,2,NULL,NULL,20,105),(1585,0,NULL,1,NULL,106),(1586,0,NULL,2,NULL,106),(1587,0,NULL,3,NULL,106),(1588,0,NULL,4,NULL,106),(1589,0,NULL,5,NULL,106),(1590,1,1,NULL,NULL,106),(1591,1,2,NULL,NULL,106),(1592,2,NULL,NULL,1,106),(1593,2,NULL,NULL,2,106),(1594,2,NULL,NULL,3,106),(1595,2,NULL,NULL,4,106),(1596,2,NULL,NULL,5,106),(1597,0,NULL,3,NULL,108),(1598,0,NULL,2,NULL,108),(1599,0,NULL,4,NULL,108),(1600,0,NULL,1,NULL,108),(1601,0,NULL,5,NULL,108),(1602,1,3,NULL,NULL,108),(1603,1,2,NULL,NULL,108),(1604,1,5,NULL,NULL,108),(1605,1,4,NULL,NULL,108),(1606,1,1,NULL,NULL,108),(1607,2,NULL,NULL,1,108),(1608,2,NULL,NULL,5,108),(1609,2,NULL,NULL,4,108),(1610,2,NULL,NULL,3,108),(1611,2,NULL,NULL,2,108),(1612,0,NULL,3,NULL,109),(1613,0,NULL,1,NULL,109),(1614,0,NULL,4,NULL,109),(1615,0,NULL,5,NULL,109),(1616,0,NULL,2,NULL,109),(1617,1,4,NULL,NULL,109),(1618,1,2,NULL,NULL,109),(1619,1,5,NULL,NULL,109),(1620,1,3,NULL,NULL,109),(1621,1,1,NULL,NULL,109),(1622,2,NULL,NULL,3,109),(1623,2,NULL,NULL,2,109),(1624,2,NULL,NULL,5,109),(1625,2,NULL,NULL,4,109),(1626,2,NULL,NULL,1,109);

#
# Structure for table "examstrategy"
#

DROP TABLE IF EXISTS `examstrategy`;
CREATE TABLE `examstrategy` (
  `id` int(11) NOT NULL AUTO_INCREMENT,
  `blankPerScore` int(11) NOT NULL,
  `choicePerScore` int(11) NOT NULL,
  `comment` varchar(255) DEFAULT NULL,
  `judgePerScore` int(11) NOT NULL,
  `name` varchar(255) DEFAULT NULL,
  `exam_id` int(11) DEFAULT NULL,
  PRIMARY KEY (`id`),
  KEY `FK1hfiipd00yvn6mfq1qt7l9797` (`exam_id`),
  CONSTRAINT `FK1hfiipd00yvn6mfq1qt7l9797` FOREIGN KEY (`exam_id`) REFERENCES `exam` (`id`)
) ENGINE=InnoDB AUTO_INCREMENT=69 DEFAULT CHARSET=utf8;

#
# Data for table "examstrategy"
#

INSERT INTO `examstrategy` VALUES (1,6,8,'随机抽题给分策略005->lyqid19',6,'随机抽题给分策略005->lyqid19',1),(2,6,8,'随机抽题给分策略005->lyqid20',6,'随机抽题给分策略005->lyqid20',2),(3,6,8,'随机抽题给分策略005->lyqid21',6,'随机抽题给分策略005->lyqid21',3),(4,6,8,'随机抽题给分策略005->lyqid22',6,'随机抽题给分策略005->lyqid22',4),(5,6,8,'随机抽题给分策略005->lyqid23',6,'随机抽题给分策略005->lyqid23',5),(6,6,8,'随机抽题给分策略005->lyqid24',6,'随机抽题给分策略005->lyqid24',6),(7,6,8,'随机抽题给分策略005->lyqid25',6,'随机抽题给分策略005->lyqid25',7),(8,6,8,'随机抽题给分策略005->lyqid26',6,'随机抽题给分策略005->lyqid26',8),(9,6,8,'随机抽题给分策略005->lyqid27',6,'随机抽题给分策略005->lyqid27',9),(10,6,8,'随机抽题给分策略005->lyqid28',6,'随机抽题给分策略005->lyqid28',10),(11,6,8,'随机抽题给分策略005->lyqid29',6,'随机抽题给分策略005->lyqid29',11),(12,6,8,'随机抽题给分策略005->杨杰斯',6,'随机抽题给分策略005->杨杰斯',12),(13,6,8,'随机抽题给分策略005->李红雨',6,'随机抽题给分策略005->李红雨',13),(14,6,8,'随机抽题给分策略005->曹梦如',6,'随机抽题给分策略005->曹梦如',14),(15,6,8,'随机抽题给分策略005->赵敬芳',6,'随机抽题给分策略005->赵敬芳',15),(16,6,8,'随机抽题给分策略005->刘琪',6,'随机抽题给分策略005->刘琪',16),(17,6,8,'随机抽题给分策略005->陈佳琳',6,'随机抽题给分策略005->陈佳琳',17),(18,6,8,'随机抽题给分策略005->李佳婷',6,'随机抽题给分策略005->李佳婷',18),(19,6,8,'随机抽题给分策略005->彭方方',6,'随机抽题给分策略005->彭方方',19),(20,6,8,'随机抽题给分策略005->高齐曼',6,'随机抽题给分策略005->高齐曼',20),(21,6,8,'随机抽题给分策略005->杨鑫鑫',6,'随机抽题给分策略005->杨鑫鑫',21),(22,6,8,'随机抽题给分策略005->吴晨莹',6,'随机抽题给分策略005->吴晨莹',22),(23,6,8,'随机抽题给分策略005->庞凯童',6,'随机抽题给分策略005->庞凯童',23),(24,6,8,'随机抽题给分策略005->喻灵杰',6,'随机抽题给分策略005->喻灵杰',24),(25,6,8,'随机抽题给分策略005->申林瑛',6,'随机抽题给分策略005->申林瑛',25),(26,6,8,'随机抽题给分策略005->张亚新',6,'随机抽题给分策略005->张亚新',26),(27,6,8,'随机抽题给分策略005->齐宁宁',6,'随机抽题给分策略005->齐宁宁',27),(28,6,8,'随机抽题给分策略005->周迪',6,'随机抽题给分策略005->周迪',28),(29,6,8,'随机抽题给分策略005->王倩楠',6,'随机抽题给分策略005->王倩楠',29),(30,6,8,'随机抽题给分策略005->李文慧',6,'随机抽题给分策略005->李文慧',30),(31,6,8,'随机抽题给分策略005->闫阳阳',6,'随机抽题给分策略005->闫阳阳',31),(32,6,8,'随机抽题给分策略005->鲍慧',6,'随机抽题给分策略005->鲍慧',32),(33,6,8,'随机抽题给分策略005->周利芬',6,'随机抽题给分策略005->周利芬',33),(34,6,8,'随机抽题给分策略005->王梦珂',6,'随机抽题给分策略005->王梦珂',34),(35,6,8,'随机抽题给分策略005->郭盈盈',6,'随机抽题给分策略005->郭盈盈',35),(36,6,8,'随机抽题给分策略005->王新艳',6,'随机抽题给分策略005->王新艳',36),(37,6,8,'随机抽题给分策略005->张乐乐',6,'随机抽题给分策略005->张乐乐',37),(38,6,8,'随机抽题给分策略005->曾庆兰',6,'随机抽题给分策略005->曾庆兰',38),(39,6,8,'随机抽题给分策略005->刘帅娜',6,'随机抽题给分策略005->刘帅娜',39),(40,6,8,'随机抽题给分策略005->张梦莹',6,'随机抽题给分策略005->张梦莹',40),(41,6,8,'随机抽题给分策略005->马梦晓',6,'随机抽题给分策略005->马梦晓',41),(42,6,8,'随机抽题给分策略005->皇甫苗苗',6,'随机抽题给分策略005->皇甫苗苗',42),(43,6,8,'随机抽题给分策略005->董菁',6,'随机抽题给分策略005->董菁',43),(44,6,8,'随机抽题给分策略005->屠陆一',6,'随机抽题给分策略005->屠陆一',44),(45,6,8,'随机抽题给分策略005->王艳娇',6,'随机抽题给分策略005->王艳娇',45),(46,6,8,'随机抽题给分策略005->岳璐璐',6,'随机抽题给分策略005->岳璐璐',46),(47,6,8,'随机抽题给分策略005->宋靖雯',6,'随机抽题给分策略005->宋靖雯',47),(48,6,8,'随机抽题给分策略005->丁淋淋',6,'随机抽题给分策略005->丁淋淋',48),(49,6,8,'随机抽题给分策略005->王压兵',6,'随机抽题给分策略005->王压兵',49),(50,6,8,'随机抽题给分策略005->许光辉',6,'随机抽题给分策略005->许光辉',50),(51,6,8,'随机抽题给分策略005->陶威',6,'随机抽题给分策略005->陶威',51),(52,6,8,'随机抽题给分策略005->刘晨曦',6,'随机抽题给分策略005->刘晨曦',52),(53,6,8,'随机抽题给分策略005->朱磊',6,'随机抽题给分策略005->朱磊',53),(54,6,8,'随机抽题给分策略005->李东卿',6,'随机抽题给分策略005->李东卿',54),(55,6,8,'随机抽题给分策略005->李博',6,'随机抽题给分策略005->李博',55),(56,6,8,'随机抽题给分策略005->付金旺',6,'随机抽题给分策略005->付金旺',56),(57,6,8,'随机抽题给分策略005->薛俊俊',6,'随机抽题给分策略005->薛俊俊',57),(58,6,8,'随机抽题给分策略005->姜亚明',6,'随机抽题给分策略005->姜亚明',58),(59,6,8,'随机抽题给分策略005->贺成兰',6,'随机抽题给分策略005->贺成兰',59),(60,6,8,'随机抽题给分策略005->方蕊',6,'随机抽题给分策略005->方蕊',60),(61,6,8,'随机抽题给分策略005->寇雪慧',6,'随机抽题给分策略005->寇雪慧',61),(62,6,8,'随机抽题给分策略005->马啸天',6,'随机抽题给分策略005->马啸天',62),(64,5,5,NULL,4,'固001策略1',64),(65,4,6,'随机抽题给分策略005->lyqid26',6,'随机抽题给分策略005->lyqid26',65),(66,8,8,'随机抽题给分策略005->lyqid26',9,'随机抽题给分策略005->lyqid26',66),(67,6,11,'随机抽题给分策略005->lyqid26',9,'随机抽题给分策略005->lyqid26',67),(68,4,8,'随机抽题给分策略0007->lyqid26',4,'随机抽题给分策略0007->lyqid26',68),(69,6,8,'随机抽题给分策略888->万圆圆',6,'随机抽题给分策略888->万圆圆',69),(70,6,8,'随机抽题给分策略888->黄鑫',6,'随机抽题给分策略888->黄鑫',70),(71,6,8,'随机抽题给分策略888->曹田田',6,'随机抽题给分策略888->曹田田',71),(72,6,8,'随机抽题给分策略888->李彩婷',6,'随机抽题给分策略888->李彩婷',72),(73,6,8,'随机抽题给分策略888->许玉洁',6,'随机抽题给分策略888->许玉洁',73),(74,6,8,'随机抽题给分策略888->张聪',6,'随机抽题给分策略888->张聪',74),(75,6,8,'随机抽题给分策略888->姚慧娟',6,'随机抽题给分策略888->姚慧娟',75),(76,6,8,'随机抽题给分策略888->陈妍',6,'随机抽题给分策略888->陈妍',76),(77,6,8,'随机抽题给分策略888->刘亚男',6,'随机抽题给分策略888->刘亚男',77),(78,6,8,'随机抽题给分策略888->马兰',6,'随机抽题给分策略888->马兰',78),(79,6,8,'随机抽题给分策略888->袁肖艳',6,'随机抽题给分策略888->袁肖艳',79),(80,6,8,'随机抽题给分策略888->马红革',6,'随机抽题给分策略888->马红革',80),(81,6,8,'随机抽题给分策略888->吴艳云',6,'随机抽题给分策略888->吴艳云',81),(82,6,8,'随机抽题给分策略888->王静',6,'随机抽题给分策略888->王静',82),(83,6,8,'随机抽题给分策略888->尚银',6,'随机抽题给分策略888->尚银',83),(84,6,8,'随机抽题给分策略888->牛冬月',6,'随机抽题给分策略888->牛冬月',84),(85,6,8,'随机抽题给分策略888->李丹',6,'随机抽题给分策略888->李丹',85),(86,6,8,'随机抽题给分策略888->张秋菊',6,'随机抽题给分策略888->张秋菊',86),(87,6,8,'随机抽题给分策略888->翟娟',6,'随机抽题给分策略888->翟娟',87),(88,6,8,'随机抽题给分策略888->秦玉凤',6,'随机抽题给分策略888->秦玉凤',88),(89,6,8,'随机抽题给分策略888->王灿',6,'随机抽题给分策略888->王灿',89),(90,6,8,'随机抽题给分策略888->封赟婷',6,'随机抽题给分策略888->封赟婷',90),(91,6,8,'随机抽题给分策略888->刘华琰',6,'随机抽题给分策略888->刘华琰',91),(92,6,8,'随机抽题给分策略888->徐光',6,'随机抽题给分策略888->徐光',92),(93,6,8,'随机抽题给分策略888->王娜',6,'随机抽题给分策略888->王娜',93),(94,6,8,'随机抽题给分策略888->周志康',6,'随机抽题给分策略888->周志康',94),(95,6,8,'随机抽题给分策略888->姚玉龙',6,'随机抽题给分策略888->姚玉龙',95),(96,6,8,'随机抽题给分策略888->蒋守勤',6,'随机抽题给分策略888->蒋守勤',96),(97,6,8,'随机抽题给分策略888->陈夏',6,'随机抽题给分策略888->陈夏',97),(98,6,8,'随机抽题给分策略888->陈亚飞',6,'随机抽题给分策略888->陈亚飞',98),(99,6,8,'随机抽题给分策略888->张志伟',6,'随机抽题给分策略888->张志伟',99),(100,6,8,'随机抽题给分策略888->钟惠平',6,'随机抽题给分策略888->钟惠平',100),(101,6,8,'随机抽题给分策略888->杨芳',6,'随机抽题给分策略888->杨芳',101),(102,6,8,'随机抽题给分策略888->尹君',6,'随机抽题给分策略888->尹君',102),(103,6,8,'随机抽题给分策略888->赵玉梅',6,'随机抽题给分策略888->赵玉梅',103),(104,6,8,'随机抽题给分策略888->韦家尚',6,'随机抽题给分策略888->韦家尚',104),(105,6,8,'随机抽题给分策略888->李娅',6,'随机抽题给分策略888->李娅',105),(106,10,7,NULL,9,'策略001',106),(107,6,8,'随机抽题给分策略标记抽2->马啸天',6,'随机抽题给分策略标记抽2->马啸天',108),(108,6,8,'随机抽题给分策略标记抽2->Java老师',6,'随机抽题给分策略标记抽2->Java老师',109);

#
# Structure for table "grade"
#

DROP TABLE IF EXISTS `grade`;
CREATE TABLE `grade` (
  `id` int(11) NOT NULL AUTO_INCREMENT,
  `name` varchar(255) DEFAULT NULL,
  PRIMARY KEY (`id`)
) ENGINE=InnoDB AUTO_INCREMENT=6 DEFAULT CHARSET=utf8;

#
# Data for table "grade"
#

INSERT INTO `grade` VALUES (1,'2016电子商务测试1班'),(2,'2016电子商务测试2班'),(3,'2012级电子商务班'),(4,'2012级电子商务班1'),(5,'2016级电子商务3班');

#
# Structure for table "student"
#

DROP TABLE IF EXISTS `student`;
CREATE TABLE `student` (
  `id` int(11) NOT NULL AUTO_INCREMENT,
  `gender` bit(1) NOT NULL,
  `name` varchar(255) DEFAULT NULL,
  `password` varchar(255) DEFAULT NULL,
  `grade_id` int(11) DEFAULT NULL,
  `registerNo` varchar(255) DEFAULT NULL,
  `avatarPath` varchar(255) DEFAULT NULL,
  `avatarfilePath` varchar(255) DEFAULT NULL,
  `role` int(11) NOT NULL,
  PRIMARY KEY (`id`),
  KEY `FKlxatkq565g9vfqxknn72o0dh7` (`grade_id`),
  CONSTRAINT `FKlxatkq565g9vfqxknn72o0dh7` FOREIGN KEY (`grade_id`) REFERENCES `grade` (`id`)
) ENGINE=InnoDB AUTO_INCREMENT=508 DEFAULT CHARSET=utf8;

#
# Data for table "student"
#

INSERT INTO `student` VALUES (1,b'1','小李','123456',1,NULL,NULL,NULL,0),(2,b'0','小李女','123456',1,NULL,NULL,NULL,0),(3,b'1','小李','123456',1,'2015001',NULL,NULL,0),(4,b'0','小李女','123456',2,'2015002',NULL,NULL,0),(5,b'0','小张A','123456',1,'2016111',NULL,NULL,0),(6,b'1','小张B','123456',1,'2016222',NULL,NULL,0),(7,b'0','小张A','123456',1,'2016111',NULL,NULL,0),(8,b'1','小张B','123456',1,'2016222',NULL,NULL,0),(9,b'0','小张A','123456',1,'2016111',NULL,NULL,0),(10,b'1','小张B','123456',1,'2016222',NULL,NULL,0),(11,b'0','小张A','123456',1,'2016111',NULL,NULL,0),(12,b'1','小张B','123456',1,'2016222',NULL,NULL,0),(13,b'0','小张A','123456',1,'2016111',NULL,NULL,0),(14,b'1','小张B','123456',1,'2016222',NULL,NULL,0),(15,b'0','小张A','123456',1,'2016111',NULL,NULL,0),(16,b'1','小张B','123456',1,'2016222',NULL,NULL,0),(17,b'0','小张A','123456',1,'2016111',NULL,NULL,0),(18,b'1','小张B','123456',1,'2016222',NULL,NULL,0),(19,b'1','lyqid19','131313',2,'20160019',NULL,NULL,1),(20,b'1','lyqid20','121212',2,'20160020',NULL,NULL,1),(21,b'1','lyqid21','121212',2,'20160021',NULL,NULL,1),(22,b'1','lyqid22','121212',2,'20160022',NULL,NULL,1),(23,b'1','lyqid23','121212',2,'20160023',NULL,NULL,1),(24,b'1','lyqid24','121212',2,'20160024',NULL,NULL,1),(25,b'1','lyqid25','121212',2,'20160025',NULL,NULL,1),(26,b'1','lyqid26','121212',2,'20160026',NULL,NULL,1),(27,b'1','lyqid27','121212',2,'20160027',NULL,NULL,1),(28,b'1','lyqid28','121212',2,'20160028',NULL,NULL,1),(29,b'1','lyqid29','121212',2,'20160029',NULL,NULL,1),(30,b'1','lyqid30','121212',2,'20160030',NULL,NULL,1),(31,b'1','lyqid31','121212',2,'20160031',NULL,NULL,1),(32,b'1','lyqid32','121212',2,'20160032',NULL,NULL,1),(33,b'1','lyqid33','121212',2,'20160033',NULL,NULL,1),(34,b'1','lyqid34','121212',2,'20160034',NULL,NULL,1),(35,b'1','lyqid35','121212',2,'20160035',NULL,NULL,1),(36,b'1','lyqid36','121212',2,'20160036',NULL,NULL,1),(37,b'1','lyqid37','121212',2,'20160037',NULL,NULL,1),(162,b'0','席玥id162',NULL,4,'121144027',NULL,NULL,0),(200,b'0','席玥',NULL,4,'121144027',NULL,NULL,0),(238,b'0','席玥',NULL,4,'121144027',NULL,NULL,0),(276,b'0','席玥',NULL,4,'121144027',NULL,NULL,0),(314,b'0','席玥',NULL,4,'121144027',NULL,NULL,0),(352,b'0','席玥',NULL,4,'121144027',NULL,NULL,0),(390,b'0','席玥',NULL,4,'121144027',NULL,NULL,0),(418,b'0','万圆圆','111111',3,'121144001',NULL,NULL,0),(419,b'0','黄鑫',NULL,3,'121144003',NULL,NULL,0),(420,b'0','曹田田',NULL,3,'121144005',NULL,NULL,0),(421,b'0','李彩婷','111111',3,'121144009',NULL,NULL,0),(422,b'0','许玉洁',NULL,3,'121144011',NULL,NULL,0),(423,b'0','张聪',NULL,3,'121144013',NULL,NULL,0),(424,b'0','姚慧娟',NULL,3,'121144015',NULL,NULL,0),(425,b'0','陈妍',NULL,3,'121144019',NULL,NULL,0),(426,b'0','刘亚男',NULL,3,'121144021',NULL,NULL,0),(427,b'0','马兰',NULL,3,'121144023',NULL,NULL,0),(428,b'0','席玥',NULL,4,'121144027',NULL,NULL,0),(429,b'0','袁肖艳','111111',3,'121144029',NULL,NULL,0),(430,b'0','马红革',NULL,3,'121144031',NULL,NULL,0),(431,b'0','吴艳云',NULL,3,'121144033',NULL,NULL,0),(432,b'0','王静',NULL,3,'121144035',NULL,NULL,0),(433,b'0','尚银',NULL,3,'121144037',NULL,NULL,0),(434,b'0','牛冬月',NULL,3,'121144039',NULL,NULL,0),(435,b'0','李丹',NULL,3,'121144041',NULL,NULL,0),(436,b'0','张秋菊',NULL,3,'121144043',NULL,NULL,0),(437,b'0','翟娟',NULL,3,'121144045',NULL,NULL,0),(438,b'0','秦玉凤',NULL,3,'121144047',NULL,NULL,0),(439,b'0','王灿',NULL,3,'121144049',NULL,NULL,0),(440,b'0','封赟婷',NULL,3,'121144051',NULL,NULL,0),(441,b'0','刘华琰',NULL,3,'121144053',NULL,NULL,0),(442,b'0','徐光',NULL,3,'121144055',NULL,NULL,0),(443,b'0','王娜',NULL,3,'121144057',NULL,NULL,0),(444,b'1','周志康',NULL,3,'121144061',NULL,NULL,0),(445,b'1','姚玉龙',NULL,3,'121144063',NULL,NULL,0),(446,b'1','蒋守勤',NULL,3,'121144065',NULL,NULL,0),(447,b'1','陈夏',NULL,3,'121144069',NULL,NULL,0),(448,b'1','陈亚飞',NULL,3,'121144071',NULL,NULL,0),(449,b'1','张志伟',NULL,3,'121144073',NULL,NULL,0),(450,b'0','钟惠平',NULL,3,'121144075',NULL,NULL,0),(451,b'0','杨芳',NULL,3,'121144077',NULL,NULL,0),(452,b'0','尹君',NULL,3,'121144079',NULL,NULL,0),(453,b'0','赵玉梅',NULL,3,'121144081',NULL,NULL,0),(454,b'1','韦家尚',NULL,3,'121144083',NULL,NULL,0),(455,b'0','李娅',NULL,3,'121144085',NULL,NULL,0),(456,b'0','杨杰斯','111111',5,'162244007',NULL,NULL,0),(457,b'0','李红雨','111111',5,'162244008',NULL,NULL,0),(458,b'0','曹梦如','111111',5,'162244079',NULL,NULL,0),(459,b'0','赵敬芳','111111',5,'162244080',NULL,NULL,0),(460,b'0','刘琪','111111',5,'162244081',NULL,NULL,0),(461,b'0','陈佳琳','111111',5,'162244082',NULL,NULL,0),(462,b'0','李佳婷','111111',5,'162244083',NULL,NULL,0),(463,b'0','彭方方','111111',5,'162244084',NULL,NULL,0),(464,b'0','高齐曼','111111',5,'162244085',NULL,NULL,0),(465,b'0','杨鑫鑫','111111',5,'162244086',NULL,NULL,0),(466,b'0','吴晨莹','111111',5,'162244087',NULL,NULL,0),(467,b'0','庞凯童','111111',5,'162244088',NULL,NULL,0),(468,b'0','喻灵杰','111111',5,'162244089',NULL,NULL,0),(469,b'0','申林瑛','111111',5,'162244090',NULL,NULL,0),(470,b'0','张亚新','111111',5,'162244091',NULL,NULL,0),(471,b'0','齐宁宁','111111',5,'162244093',NULL,NULL,0),(472,b'0','周迪','111111',5,'162244094',NULL,NULL,0),(473,b'0','王倩楠','111111',5,'162244095',NULL,NULL,0),(474,b'0','李文慧','111111',5,'162244096',NULL,NULL,0),(475,b'0','闫阳阳','111111',5,'162244097',NULL,NULL,0),(476,b'0','鲍慧','111111',5,'162244098',NULL,NULL,0),(477,b'0','周利芬','111111',5,'162244099',NULL,NULL,0),(478,b'0','王梦珂','111111',5,'162244100',NULL,NULL,0),(479,b'0','郭盈盈','111111',5,'162244101',NULL,NULL,0),(480,b'0','王新艳','111111',5,'162244102',NULL,NULL,0),(481,b'0','张乐乐','111111',5,'162244103',NULL,NULL,0),(482,b'0','曾庆兰','111111',5,'162244104',NULL,NULL,0),(483,b'0','刘帅娜','111111',5,'162244105',NULL,NULL,0),(484,b'0','张梦莹','111111',5,'162244106',NULL,NULL,0),(485,b'0','马梦晓','111111',5,'162244107',NULL,NULL,0),(486,b'0','皇甫苗苗','111111',5,'162244108',NULL,NULL,0),(487,b'0','董菁','111111',5,'162244109',NULL,NULL,0),(488,b'0','屠陆一','111111',5,'162244110',NULL,NULL,0),(489,b'0','王艳娇','111111',5,'162244111',NULL,NULL,0),(490,b'0','岳璐璐','111111',5,'162244112',NULL,NULL,0),(491,b'0','宋靖雯','111111',5,'162244113',NULL,NULL,0),(492,b'0','丁淋淋','111111',5,'162244114',NULL,NULL,0),(493,b'1','王压兵','111111',5,'162244133',NULL,NULL,0),(494,b'1','许光辉','111111',5,'162244134',NULL,NULL,0),(495,b'1','陶威','111111',5,'162244135',NULL,NULL,0),(496,b'1','刘晨曦','111111',5,'162244136',NULL,NULL,0),(497,b'1','朱磊','111111',5,'162244137',NULL,NULL,0),(498,b'1','李东卿','111111',5,'162244138',NULL,NULL,0),(499,b'1','李博','111111',5,'162244139',NULL,NULL,0),(500,b'1','付金旺','111111',5,'162244140',NULL,NULL,0),(501,b'1','薛俊俊','111111',5,'162244141',NULL,NULL,0),(502,b'1','姜亚明','111111',5,'162244142',NULL,NULL,0),(503,b'0','贺成兰','111111',5,'162244151',NULL,NULL,0),(504,b'0','方蕊','111111',5,'162244152',NULL,NULL,0),(505,b'0','寇雪慧','111111',5,'162244153',NULL,NULL,0),(506,b'1','马啸天','111111',5,'162244154',NULL,NULL,0),(507,b'0','Java老师','111111',5,'111111',NULL,NULL,1);

#
# Structure for table "examquestionanswer"
#

DROP TABLE IF EXISTS `examquestionanswer`;
CREATE TABLE `examquestionanswer` (
  `id` int(11) NOT NULL AUTO_INCREMENT,
  `answer` varchar(255) DEFAULT NULL,
  `answerDate` datetime DEFAULT NULL,
  `exam_question_id` int(11) DEFAULT NULL,
  `student_id` int(11) DEFAULT NULL,
  PRIMARY KEY (`id`),
  KEY `FKr8fo3yfr32sjdpey6lvr5rqfg` (`exam_question_id`),
  KEY `FKcu38o3yr7xgfelgqkb7kllag7` (`student_id`),
  CONSTRAINT `FKcu38o3yr7xgfelgqkb7kllag7` FOREIGN KEY (`student_id`) REFERENCES `student` (`id`),
  CONSTRAINT `FKr8fo3yfr32sjdpey6lvr5rqfg` FOREIGN KEY (`exam_question_id`) REFERENCES `examquestion` (`id`)
) ENGINE=InnoDB AUTO_INCREMENT=1495 DEFAULT CHARSET=utf8;

#
# Data for table "examquestionanswer"
#

INSERT INTO `examquestionanswer` VALUES (1,'C','2017-04-04 04:57:09',1,19),(2,'A','2017-04-04 04:57:09',2,19),(3,'B','2017-04-04 04:57:09',3,19),(4,'A','2017-04-04 04:57:09',4,19),(5,'A','2017-04-04 04:57:09',5,19),(6,'[[[f]]]','2017-04-04 04:57:09',6,19),(7,'[[[0]]]','2017-04-04 04:57:09',7,19),(8,'[[[if-else]]]','2017-04-04 04:57:09',8,19),(9,'[[[aa]]]','2017-04-04 04:57:09',9,19),(10,'[[[switch]]]','2017-04-04 04:57:09',10,19),(11,'F','2017-04-04 04:57:09',11,19),(12,'F','2017-04-04 04:57:09',12,19),(13,'T','2017-04-04 04:57:09',13,19),(14,'T','2017-04-04 04:57:09',14,19),(15,'F','2017-04-04 04:57:09',15,19),(16,'B','2017-04-04 04:59:44',16,20),(17,'B','2017-04-04 04:59:44',17,20),(18,'A','2017-04-04 04:59:44',18,20),(19,'A','2017-04-04 04:59:44',19,20),(20,'D','2017-04-04 04:59:44',20,20),(21,'[[[CMD]]]','2017-04-04 04:59:44',21,20),(22,'[[[JDK]]]','2017-04-04 04:59:44',22,20),(23,'[[[continue]]]','2017-04-04 04:59:44',23,20),(24,'[[[do-while]]]','2017-04-04 04:59:44',24,20),(25,'[[[Path]]]','2017-04-04 04:59:44',25,20),(26,'F','2017-04-04 04:59:44',26,20),(27,'F','2017-04-04 04:59:44',27,20),(28,'F','2017-04-04 04:59:44',28,20),(29,'T','2017-04-04 04:59:44',29,20),(30,'T','2017-04-04 04:59:44',30,20),(31,'A','2017-04-04 08:38:11',948,3),(32,NULL,'2017-04-04 08:38:11',949,3),(33,'C','2017-04-04 08:38:11',950,3),(34,NULL,'2017-04-04 08:38:11',951,3),(35,NULL,'2017-04-04 08:38:11',952,3),(36,NULL,'2017-04-04 08:38:11',953,3),(37,NULL,'2017-04-04 08:38:11',954,3),(38,NULL,'2017-04-04 08:38:11',955,3),(39,'[[[]]]','2017-04-04 08:38:11',956,3),(40,'[[[]]]','2017-04-04 08:38:11',957,3),(41,'[[[强类型]]]','2017-04-04 08:38:11',958,3),(42,'[[[]]]','2017-04-04 08:38:11',959,3),(43,'[[[]]]','2017-04-04 08:38:11',960,3),(44,'[[[]]]','2017-04-04 08:38:11',961,3),(45,'[[[]]]','2017-04-04 08:38:11',962,3),(46,'[[[]]]','2017-04-04 08:38:11',963,3),(47,NULL,'2017-04-04 08:38:11',964,3),(48,NULL,'2017-04-04 08:38:11',965,3),(49,NULL,'2017-04-04 08:38:11',966,3),(50,NULL,'2017-04-04 08:38:11',967,3),(51,'F','2017-04-04 08:38:11',968,3),(52,'A','2017-04-05 08:16:33',421,473),(53,'A','2017-04-05 08:16:34',422,473),(54,'B','2017-04-05 08:16:34',423,473),(55,'B','2017-04-05 08:16:34',424,473),(56,'B','2017-04-05 08:16:34',425,473),(57,'[[[强类型]]]','2017-04-05 08:16:34',426,473),(58,'[[[do-while]]]','2017-04-05 08:16:34',427,473),(59,'[[[循环]]]','2017-04-05 08:16:34',428,473),(60,'[[[void]]]','2017-04-05 08:16:34',429,473),(61,'[[[true]]]','2017-04-05 08:16:34',430,473),(62,'T','2017-04-05 08:16:34',431,473),(63,'F','2017-04-05 08:16:34',432,473),(64,'T','2017-04-05 08:16:34',433,473),(65,'F','2017-04-05 08:16:34',434,473),(66,'T','2017-04-05 08:16:34',435,473),(67,'A','2017-04-05 08:20:30',796,498),(68,'B','2017-04-05 08:20:30',797,498),(69,'A','2017-04-05 08:20:30',798,498),(70,'D','2017-04-05 08:20:30',799,498),(71,'A','2017-04-05 08:20:30',800,498),(72,'[[[ox]]]','2017-04-05 08:20:30',801,498),(73,'[[[path和classpath]]]','2017-04-05 08:20:30',802,498),(74,'[[[o]]]','2017-04-05 08:20:30',803,498),(75,'[[[do-while]]]','2017-04-05 08:20:30',804,498),(76,'[[[bin]]]','2017-04-05 08:20:30',805,498),(77,'F','2017-04-05 08:20:30',806,498),(78,'F','2017-04-05 08:20:30',807,498),(79,'T','2017-04-05 08:20:30',808,498),(80,'T','2017-04-05 08:20:30',809,498),(81,'T','2017-04-05 08:20:30',810,498),(82,'C','2017-04-05 08:20:48',841,501),(83,'B','2017-04-05 08:20:48',842,501),(84,'C','2017-04-05 08:20:48',843,501),(85,'A','2017-04-05 08:20:48',844,501),(86,'D','2017-04-05 08:20:48',845,501),(87,'[[[path和classpath]]]','2017-04-05 08:20:48',846,501),(88,'[[[文档注释]]]','2017-04-05 08:20:48',847,501),(89,'[[[=]]]','2017-04-05 08:20:48',848,501),(90,'[[[普通]]]','2017-04-05 08:20:48',849,501),(91,'[[[对象数据类型]]]','2017-04-05 08:20:48',850,501),(92,'F','2017-04-05 08:20:48',851,501),(93,'T','2017-04-05 08:20:48',852,501),(94,'F','2017-04-05 08:20:48',853,501),(95,'F','2017-04-05 08:20:48',854,501),(96,'T','2017-04-05 08:20:48',855,501),(97,'B','2017-04-05 08:21:27',556,482),(98,'B','2017-04-05 08:21:27',557,482),(99,'A','2017-04-05 08:21:27',558,482),(100,'D','2017-04-05 08:21:27',559,482),(101,'C','2017-04-05 08:21:27',560,482),(102,'[[[do-while]]]','2017-04-05 08:21:27',561,482),(103,'[[[]]]','2017-04-05 08:21:27',562,482),(104,'[[[true]]]','2017-04-05 08:21:27',563,482),(105,'[[[2]]]','2017-04-05 08:21:27',564,482),(106,'[[[main]]]','2017-04-05 08:21:27',565,482),(107,'F','2017-04-05 08:21:27',566,482),(108,'F','2017-04-05 08:21:27',567,482),(109,'T','2017-04-05 08:21:27',568,482),(110,'F','2017-04-05 08:21:27',569,482),(111,'T','2017-04-05 08:21:27',570,482),(112,'C','2017-04-05 08:22:43',751,495),(113,'B','2017-04-05 08:22:43',752,495),(114,'D','2017-04-05 08:22:43',753,495),(115,'B','2017-04-05 08:22:43',754,495),(116,'A','2017-04-05 08:22:43',755,495),(117,'[[[while]]]','2017-04-05 08:22:43',756,495),(118,'[[[switch]]]','2017-04-05 08:22:43',757,495),(119,'[[[length]]]','2017-04-05 08:22:43',758,495),(120,'[[[4]]]','2017-04-05 08:22:43',759,495),(121,'[[[jdk]]]','2017-04-05 08:22:43',760,495),(122,'T','2017-04-05 08:22:43',761,495),(123,'T','2017-04-05 08:22:43',762,495),(124,'T','2017-04-05 08:22:43',763,495),(125,'F','2017-04-05 08:22:43',764,495),(126,'F','2017-04-05 08:22:43',765,495),(127,'B','2017-04-05 08:23:06',271,463),(128,'B','2017-04-05 08:23:06',272,463),(129,'B','2017-04-05 08:23:06',273,463),(130,'D','2017-04-05 08:23:06',274,463),(131,'B','2017-04-05 08:23:06',275,463),(132,'[[[if-else]]]','2017-04-05 08:23:06',276,463),(133,'[[[double]]]','2017-04-05 08:23:06',277,463),(134,'[[[F或f]]]','2017-04-05 08:23:06',278,463),(135,'[[[DJK]]]','2017-04-05 08:23:06',279,463),(136,'[[[L或I]]]','2017-04-05 08:23:06',280,463),(137,'F','2017-04-05 08:23:06',281,463),(138,'T','2017-04-05 08:23:06',282,463),(139,'T','2017-04-05 08:23:06',283,463),(140,'T','2017-04-05 08:23:06',284,463),(141,'T','2017-04-05 08:23:06',285,463),(157,'A','2017-04-05 08:24:45',451,475),(158,'A','2017-04-05 08:24:45',452,475),(159,'B','2017-04-05 08:24:45',453,475),(160,'A','2017-04-05 08:24:46',454,475),(161,'C','2017-04-05 08:24:46',455,475),(162,'[[[强类型]]]','2017-04-05 08:24:46',456,475),(163,'[[[CMD]]]','2017-04-05 08:24:46',457,475),(164,'[[[double]]]','2017-04-05 08:24:46',458,475),(165,'[[[true]]]','2017-04-05 08:24:46',459,475),(166,'[[[if-else]]]','2017-04-05 08:24:46',460,475),(167,'F','2017-04-05 08:24:46',461,475),(168,'T','2017-04-05 08:24:46',462,475),(169,'F','2017-04-05 08:24:46',463,475),(170,'T','2017-04-05 08:24:46',464,475),(171,'F','2017-04-05 08:24:46',465,475),(172,'A','2017-04-05 08:25:19',721,493),(173,'A','2017-04-05 08:25:19',722,493),(174,'D','2017-04-05 08:25:19',723,493),(175,'B','2017-04-05 08:25:19',724,493),(176,'D','2017-04-05 08:25:19',725,493),(177,'[[[Java  EE]]]','2017-04-05 08:25:19',726,493),(178,'[[[引用型]]]','2017-04-05 08:25:19',727,493),(179,'[[[void]]]','2017-04-05 08:25:19',728,493),(180,'[[[path]]]','2017-04-05 08:25:19',729,493),(181,'[[[f]]]','2017-04-05 08:25:19',730,493),(182,'T','2017-04-05 08:25:19',731,493),(183,'T','2017-04-05 08:25:19',732,493),(184,'T','2017-04-05 08:25:19',733,493),(185,'F','2017-04-05 08:25:19',734,493),(186,'F','2017-04-05 08:25:19',735,493),(187,'B','2017-04-05 08:25:36',466,476),(188,'A','2017-04-05 08:25:36',467,476),(189,'B','2017-04-05 08:25:36',468,476),(190,'C','2017-04-05 08:25:36',469,476),(191,'A','2017-04-05 08:25:36',470,476),(192,'[[[L或l]]]','2017-04-05 08:25:36',471,476),(193,'[[[复合数据0类型]]]','2017-04-05 08:25:36',472,476),(194,'[[[0x]]]','2017-04-05 08:25:36',473,476),(195,'[[[分号]]]','2017-04-05 08:25:36',474,476),(196,'[[[强类型]]]','2017-04-05 08:25:36',475,476),(197,'F','2017-04-05 08:25:36',476,476),(198,'F','2017-04-05 08:25:36',477,476),(199,'T','2017-04-05 08:25:36',478,476),(200,'F','2017-04-05 08:25:36',479,476),(201,'F','2017-04-05 08:25:36',480,476),(202,'A','2017-04-05 08:25:39',511,479),(203,'A','2017-04-05 08:25:39',512,479),(204,'B','2017-04-05 08:25:39',513,479),(205,'D','2017-04-05 08:25:39',514,479),(206,'A','2017-04-05 08:25:39',515,479),(207,'[[[文档注释]]]','2017-04-05 08:25:39',516,479),(208,'[[[if-else if-else]]]','2017-04-05 08:25:39',517,479),(209,'[[[boolean]]]','2017-04-05 08:25:39',518,479),(210,'[[[引用]]]','2017-04-05 08:25:39',519,479),(211,'[[[=]]]','2017-04-05 08:25:39',520,479),(212,'F','2017-04-05 08:25:39',521,479),(213,'F','2017-04-05 08:25:39',522,479),(214,'T','2017-04-05 08:25:39',523,479),(215,'T','2017-04-05 08:25:39',524,479),(216,'T','2017-04-05 08:25:39',525,479),(217,'B','2017-04-05 08:27:00',856,502),(218,'A','2017-04-05 08:27:01',857,502),(219,'C','2017-04-05 08:27:01',858,502),(220,'D','2017-04-05 08:27:01',859,502),(221,'A','2017-04-05 08:27:01',860,502),(222,'[[[JDK]]]','2017-04-05 08:27:01',861,502),(223,'[[[double]]]','2017-04-05 08:27:01',862,502),(224,'[[[void]]]','2017-04-05 08:27:01',863,502),(225,'[[[系统]]]','2017-04-05 08:27:01',864,502),(226,'[[[switch]]]','2017-04-05 08:27:01',865,502),(227,'T','2017-04-05 08:27:01',866,502),(228,'F','2017-04-05 08:27:01',867,502),(229,'F','2017-04-05 08:27:01',868,502),(230,'T','2017-04-05 08:27:01',869,502),(231,'T','2017-04-05 08:27:01',870,502),(232,'A','2017-04-05 08:27:09',196,458),(233,'A','2017-04-05 08:27:09',197,458),(234,'B','2017-04-05 08:27:09',198,458),(235,'D','2017-04-05 08:27:09',199,458),(236,'B','2017-04-05 08:27:09',200,458),(237,'[[[do-while]]]','2017-04-05 08:27:09',201,458),(238,'[[[=]]]','2017-04-05 08:27:09',202,458),(239,'[[[double]]]','2017-04-05 08:27:09',203,458),(240,'[[[0-9]]]','2017-04-05 08:27:09',204,458),(241,'[[[主]]]','2017-04-05 08:27:09',205,458),(242,'T','2017-04-05 08:27:09',206,458),(243,'T','2017-04-05 08:27:09',207,458),(244,'T','2017-04-05 08:27:09',208,458),(245,'T','2017-04-05 08:27:10',209,458),(246,'T','2017-04-05 08:27:10',210,458),(247,'A','2017-04-05 08:27:24',811,499),(248,'C','2017-04-05 08:27:24',812,499),(249,'A','2017-04-05 08:27:24',813,499),(250,'B','2017-04-05 08:27:24',814,499),(251,'B','2017-04-05 08:27:24',815,499),(252,'[[[//]]]','2017-04-05 08:27:24',816,499),(253,'[[[//]]]','2017-04-05 08:27:24',817,499),(254,'[[[continue]]]','2017-04-05 08:27:24',818,499),(255,'[[[Java EE]]]','2017-04-05 08:27:24',819,499),(256,'[[[L]]]','2017-04-05 08:27:24',820,499),(257,'T','2017-04-05 08:27:24',821,499),(258,'F','2017-04-05 08:27:24',822,499),(259,'T','2017-04-05 08:27:24',823,499),(260,'T','2017-04-05 08:27:24',824,499),(261,'F','2017-04-05 08:27:24',825,499),(262,'B','2017-04-05 08:27:55',826,500),(263,'D','2017-04-05 08:27:55',827,500),(264,'C','2017-04-05 08:27:55',828,500),(265,'B','2017-04-05 08:27:55',829,500),(266,'A','2017-04-05 08:27:55',830,500),(267,'[[[]]]','2017-04-05 08:27:55',831,500),(268,'[[[注释]]]','2017-04-05 08:27:55',832,500),(269,'[[[文档注释]]]','2017-04-05 08:27:55',833,500),(270,'[[[jdk]]]','2017-04-05 08:27:55',834,500),(271,'[[[L]]]','2017-04-05 08:27:55',835,500),(272,'F','2017-04-05 08:27:55',836,500),(273,'F','2017-04-05 08:27:55',837,500),(274,'T','2017-04-05 08:27:56',838,500),(275,'F','2017-04-05 08:27:56',839,500),(276,'F','2017-04-05 08:27:56',840,500),(277,'C','2017-04-05 08:28:26',541,481),(278,'A','2017-04-05 08:28:26',542,481),(279,'D','2017-04-05 08:28:26',543,481),(280,'B','2017-04-05 08:28:26',544,481),(281,'C','2017-04-05 08:28:26',545,481),(282,'[[[l]]]','2017-04-05 08:28:26',546,481),(283,'[[[for]]]','2017-04-05 08:28:26',547,481),(284,'[[[f]]]','2017-04-05 08:28:26',548,481),(285,'[[[int]]]','2017-04-05 08:28:26',549,481),(286,'[[[循环]]]','2017-04-05 08:28:26',550,481),(287,'F','2017-04-05 08:28:26',551,481),(288,'F','2017-04-05 08:28:26',552,481),(289,'F','2017-04-05 08:28:26',553,481),(290,'F','2017-04-05 08:28:26',554,481),(291,'T','2017-04-05 08:28:26',555,481),(292,'D','2017-04-05 08:30:11',586,484),(293,'A','2017-04-05 08:30:11',587,484),(294,'C','2017-04-05 08:30:11',588,484),(295,'A','2017-04-05 08:30:11',589,484),(296,'B','2017-04-05 08:30:11',590,484),(297,'[[[0x]]]','2017-04-05 08:30:11',591,484),(298,'[[[jdk]]]','2017-04-05 08:30:11',592,484),(299,'[[[面向对象]]]','2017-04-05 08:30:11',593,484),(300,'[[[length]]]','2017-04-05 08:30:11',594,484),(301,'[[[Java EE]]]','2017-04-05 08:30:11',595,484),(302,'T','2017-04-05 08:30:11',596,484),(303,'F','2017-04-05 08:30:11',597,484),(304,'T','2017-04-05 08:30:11',598,484),(305,'T','2017-04-05 08:30:11',599,484),(306,'F','2017-04-05 08:30:11',600,484),(337,'A','2017-04-05 08:33:03',571,483),(338,'A','2017-04-05 08:33:03',572,483),(339,'B','2017-04-05 08:33:03',573,483),(340,'A','2017-04-05 08:33:03',574,483),(341,'D','2017-04-05 08:33:03',575,483),(342,'[[[JDK]]]','2017-04-05 08:33:03',576,483),(343,'[[[复合数据类型]]]','2017-04-05 08:33:03',577,483),(344,'[[[main]]]','2017-04-05 08:33:03',578,483),(345,'[[[\"//\'\']]]','2017-04-05 08:33:03',579,483),(346,'[[[4]]]','2017-04-05 08:33:03',580,483),(347,'F','2017-04-05 08:33:03',581,483),(348,'T','2017-04-05 08:33:03',582,483),(349,'T','2017-04-05 08:33:03',583,483),(350,'T','2017-04-05 08:33:03',584,483),(351,'T','2017-04-05 08:33:03',585,483),(367,'C','2017-04-05 08:33:11',766,496),(368,'A','2017-04-05 08:33:11',767,496),(369,'A','2017-04-05 08:33:11',768,496),(370,'A','2017-04-05 08:33:11',769,496),(371,'B','2017-04-05 08:33:11',770,496),(372,'[[[bin]]]','2017-04-05 08:33:11',771,496),(373,'[[[f]]]','2017-04-05 08:33:11',772,496),(374,'[[[boolean]]]','2017-04-05 08:33:11',773,496),(375,'[[[double]]]','2017-04-05 08:33:11',774,496),(376,'[[[循环]]]','2017-04-05 08:33:11',775,496),(377,'F','2017-04-05 08:33:11',776,496),(378,'T','2017-04-05 08:33:11',777,496),(379,'F','2017-04-05 08:33:11',778,496),(380,'F','2017-04-05 08:33:11',779,496),(381,'F','2017-04-05 08:33:11',780,496),(397,'B','2017-04-05 08:33:59',646,488),(398,'D','2017-04-05 08:33:59',647,488),(399,'A','2017-04-05 08:33:59',648,488),(400,'A','2017-04-05 08:33:59',649,488),(401,'A','2017-04-05 08:33:59',650,488),(402,'[[[=]]]','2017-04-05 08:33:59',651,488),(403,'[[[char]]]','2017-04-05 08:33:59',652,488),(404,'[[[Java EE]]]','2017-04-05 08:33:59',653,488),(405,'[[[复合数据类型]]]','2017-04-05 08:33:59',654,488),(406,'[[[分块注释]]]','2017-04-05 08:33:59',655,488),(407,'F','2017-04-05 08:33:59',656,488),(408,'F','2017-04-05 08:33:59',657,488),(409,'T','2017-04-05 08:33:59',658,488),(410,'T','2017-04-05 08:33:59',659,488),(411,'T','2017-04-05 08:33:59',660,488),(412,'B','2017-04-05 08:34:11',406,472),(413,'A','2017-04-05 08:34:11',407,472),(414,'B','2017-04-05 08:34:11',408,472),(415,'A','2017-04-05 08:34:11',409,472),(416,'A','2017-04-05 08:34:11',410,472),(417,'[[[L]]]','2017-04-05 08:34:11',411,472),(418,'[[[true]]]','2017-04-05 08:34:11',412,472),(419,'[[[分号]]]','2017-04-05 08:34:11',413,472),(420,'[[[double]]]','2017-04-05 08:34:11',414,472),(421,'[[[char]]]','2017-04-05 08:34:11',415,472),(422,'F','2017-04-05 08:34:12',416,472),(423,'T','2017-04-05 08:34:12',417,472),(424,'T','2017-04-05 08:34:12',418,472),(425,'F','2017-04-05 08:34:12',419,472),(426,'T','2017-04-05 08:34:12',420,472),(442,'B','2017-04-05 08:34:45',211,459),(443,'D','2017-04-05 08:34:45',212,459),(444,'A','2017-04-05 08:34:45',213,459),(445,'B','2017-04-05 08:34:45',214,459),(446,'B','2017-04-05 08:34:45',215,459),(447,'[[[引用数据类型]]]','2017-04-05 08:34:45',216,459),(448,'[[[强类型]]]','2017-04-05 08:34:45',217,459),(449,'[[[引用]]]','2017-04-05 08:34:45',218,459),(450,'[[[length]]]','2017-04-05 08:34:45',219,459),(451,'[[[char]]]','2017-04-05 08:34:45',220,459),(452,'T','2017-04-05 08:34:45',221,459),(453,'F','2017-04-05 08:34:45',222,459),(454,'T','2017-04-05 08:34:45',223,459),(455,'T','2017-04-05 08:34:45',224,459),(456,'F','2017-04-05 08:34:45',225,459),(472,'B','2017-04-05 08:34:49',241,461),(473,'A','2017-04-05 08:34:49',242,461),(474,'C','2017-04-05 08:34:49',243,461),(475,'A','2017-04-05 08:34:49',244,461),(476,'C','2017-04-05 08:34:49',245,461),(477,'[[[字符串类型]]]','2017-04-05 08:34:49',246,461),(478,'[[[do-while]]]','2017-04-05 08:34:49',247,461),(479,'[[[jdk]]]','2017-04-05 08:34:49',248,461),(480,'[[[0x]]]','2017-04-05 08:34:49',249,461),(481,'[[[main()]]]','2017-04-05 08:34:49',250,461),(482,'T','2017-04-05 08:34:49',251,461),(483,'T','2017-04-05 08:34:49',252,461),(484,'T','2017-04-05 08:34:49',253,461),(485,'T','2017-04-05 08:34:49',254,461),(486,'T','2017-04-05 08:34:49',255,461),(502,'A','2017-04-05 08:35:49',676,490),(503,'A','2017-04-05 08:35:49',677,490),(504,'B','2017-04-05 08:35:50',678,490),(505,'B','2017-04-05 08:35:50',679,490),(506,'C','2017-04-05 08:35:50',680,490),(507,'[[[L]]]','2017-04-05 08:35:50',681,490),(508,'[[[length]]]','2017-04-05 08:35:50',682,490),(509,'[[[0~9]]]','2017-04-05 08:35:50',683,490),(510,'[[[f]]]','2017-04-05 08:35:50',684,490),(511,'[[[jdk]]]','2017-04-05 08:35:50',685,490),(512,'F','2017-04-05 08:35:50',686,490),(513,'F','2017-04-05 08:35:50',687,490),(514,'T','2017-04-05 08:35:50',688,490),(515,'T','2017-04-05 08:35:50',689,490),(516,'F','2017-04-05 08:35:50',690,490),(517,'C','2017-04-05 08:36:04',226,460),(518,'D','2017-04-05 08:36:04',227,460),(519,'A','2017-04-05 08:36:04',228,460),(520,'A','2017-04-05 08:36:04',229,460),(521,'B','2017-04-05 08:36:04',230,460),(522,'[[[if-else]]]','2017-04-05 08:36:04',231,460),(523,'[[[do-while]]]','2017-04-05 08:36:04',232,460),(524,'[[[文档注释]]]','2017-04-05 08:36:04',233,460),(525,'[[[Path]]]','2017-04-05 08:36:04',234,460),(526,'[[[=]]]','2017-04-05 08:36:04',235,460),(527,'T','2017-04-05 08:36:04',236,460),(528,'F','2017-04-05 08:36:04',237,460),(529,'F','2017-04-05 08:36:04',238,460),(530,'T','2017-04-05 08:36:04',239,460),(531,'F','2017-04-05 08:36:04',240,460),(562,'B','2017-04-05 08:36:25',601,485),(563,'C','2017-04-05 08:36:25',602,485),(564,'B','2017-04-05 08:36:25',603,485),(565,'A','2017-04-05 08:36:25',604,485),(566,'A','2017-04-05 08:36:25',605,485),(567,'[[[4]]]','2017-04-05 08:36:25',606,485),(568,'[[[注释]]]','2017-04-05 08:36:25',607,485),(569,'[[[true]]]','2017-04-05 08:36:25',608,485),(570,'[[[=]]]','2017-04-05 08:36:25',609,485),(571,'[[[javaEE]]]','2017-04-05 08:36:25',610,485),(572,'T','2017-04-05 08:36:25',611,485),(573,'T','2017-04-05 08:36:25',612,485),(574,'F','2017-04-05 08:36:25',613,485),(575,'T','2017-04-05 08:36:25',614,485),(576,'T','2017-04-05 08:36:25',615,485),(577,'B','2017-04-05 08:36:27',706,492),(578,'A','2017-04-05 08:36:27',707,492),(579,'A','2017-04-05 08:36:27',708,492),(580,'A','2017-04-05 08:36:27',709,492),(581,'A','2017-04-05 08:36:27',710,492),(582,'[[[字符串]]]','2017-04-05 08:36:27',711,492),(583,'[[[=]]]','2017-04-05 08:36:27',712,492),(584,'[[[//]]]','2017-04-05 08:36:27',713,492),(585,'[[[;]]]','2017-04-05 08:36:27',714,492),(586,'[[[循环]]]','2017-04-05 08:36:27',715,492),(587,'T','2017-04-05 08:36:27',716,492),(588,'T','2017-04-05 08:36:27',717,492),(589,'T','2017-04-05 08:36:27',718,492),(590,'F','2017-04-05 08:36:27',719,492),(591,'T','2017-04-05 08:36:27',720,492),(592,'A','2017-04-05 08:36:38',691,491),(593,'B','2017-04-05 08:36:38',692,491),(594,'A','2017-04-05 08:36:38',693,491),(595,'B','2017-04-05 08:36:38',694,491),(596,'A','2017-04-05 08:36:38',695,491),(597,'[[[length]]]','2017-04-05 08:36:38',696,491),(598,'[[[0~9]]]','2017-04-05 08:36:38',697,491),(599,'[[[文档注释]]]','2017-04-05 08:36:38',698,491),(600,'[[[注释]]]','2017-04-05 08:36:38',699,491),(601,'[[[break]]]','2017-04-05 08:36:38',700,491),(602,'T','2017-04-05 08:36:38',701,491),(603,'T','2017-04-05 08:36:38',702,491),(604,'T','2017-04-05 08:36:38',703,491),(605,'T','2017-04-05 08:36:38',704,491),(606,'F','2017-04-05 08:36:38',705,491),(607,'A','2017-04-05 08:37:44',436,474),(608,'A','2017-04-05 08:37:44',437,474),(609,'A','2017-04-05 08:37:44',438,474),(610,'C','2017-04-05 08:37:44',439,474),(611,'B','2017-04-05 08:37:44',440,474),(612,'[[[CMD]]]','2017-04-05 08:37:44',441,474),(613,'[[[=]]]','2017-04-05 08:37:44',442,474),(614,'[[[JDK]]]','2017-04-05 08:37:44',443,474),(615,'[[[注释]]]','2017-04-05 08:37:44',444,474),(616,'[[[//]]]','2017-04-05 08:37:44',445,474),(617,'T','2017-04-05 08:37:44',446,474),(618,'T','2017-04-05 08:37:44',447,474),(619,'T','2017-04-05 08:37:44',448,474),(620,'T','2017-04-05 08:37:44',449,474),(621,'F','2017-04-05 08:37:44',450,474),(637,'C','2017-04-05 08:38:34',631,487),(638,'B','2017-04-05 08:38:34',632,487),(639,'A','2017-04-05 08:38:34',633,487),(640,'A','2017-04-05 08:38:34',634,487),(641,'A','2017-04-05 08:38:34',635,487),(642,'[[[if]]]','2017-04-05 08:38:34',636,487),(643,'[[[double]]]','2017-04-05 08:38:34',637,487),(644,'[[[复合]]]','2017-04-05 08:38:34',638,487),(645,'[[[JDK]]]','2017-04-05 08:38:34',639,487),(646,'[[[main]]]','2017-04-05 08:38:34',640,487),(647,'T','2017-04-05 08:38:34',641,487),(648,'F','2017-04-05 08:38:34',642,487),(649,'F','2017-04-05 08:38:35',643,487),(650,'T','2017-04-05 08:38:35',644,487),(651,'F','2017-04-05 08:38:35',645,487),(712,'A','2017-04-05 08:41:22',871,503),(713,'A','2017-04-05 08:41:22',872,503),(714,'D','2017-04-05 08:41:23',873,503),(715,'C','2017-04-05 08:41:23',874,503),(716,'C','2017-04-05 08:41:23',875,503),(717,'[[[true]]]','2017-04-05 08:41:23',876,503),(718,'[[[opt]]]','2017-04-05 08:41:23',877,503),(719,'[[[0x]]]','2017-04-05 08:41:23',878,503),(720,'[[[char]]]','2017-04-05 08:41:23',879,503),(721,'[[[面向对象]]]','2017-04-05 08:41:23',880,503),(722,'T','2017-04-05 08:41:23',881,503),(723,'F','2017-04-05 08:41:23',882,503),(724,'F','2017-04-05 08:41:23',883,503),(725,'T','2017-04-05 08:41:23',884,503),(726,'F','2017-04-05 08:41:23',885,503),(757,'A','2017-04-05 08:43:35',736,494),(758,'B','2017-04-05 08:43:35',737,494),(759,'C','2017-04-05 08:43:35',738,494),(760,'B','2017-04-05 08:43:35',739,494),(761,'D','2017-04-05 08:43:35',740,494),(762,'[[[0]]]','2017-04-05 08:43:35',741,494),(763,'[[[f]]]','2017-04-05 08:43:35',742,494),(764,'[[[0x]]]','2017-04-05 08:43:35',743,494),(765,'[[[分块注释]]]','2017-04-05 08:43:35',744,494),(766,'[[[double]]]','2017-04-05 08:43:35',745,494),(767,'T','2017-04-05 08:43:35',746,494),(768,'F','2017-04-05 08:43:35',747,494),(769,'F','2017-04-05 08:43:35',748,494),(770,'F','2017-04-05 08:43:35',749,494),(771,'T','2017-04-05 08:43:36',750,494),(787,'A','2017-04-05 08:44:14',256,462),(788,'B','2017-04-05 08:44:14',257,462),(789,'A','2017-04-05 08:44:14',258,462),(790,'B','2017-04-05 08:44:14',259,462),(791,'B','2017-04-05 08:44:14',260,462),(792,'[[[JDK]]]','2017-04-05 08:44:14',261,462),(793,'[[[0]]]','2017-04-05 08:44:14',262,462),(794,'[[[]]]','2017-04-05 08:44:14',263,462),(795,'[[[0~9]]]','2017-04-05 08:44:14',264,462),(796,'[[[]]]','2017-04-05 08:44:14',265,462),(797,'F','2017-04-05 08:44:14',266,462),(798,'T','2017-04-05 08:44:14',267,462),(799,'T','2017-04-05 08:44:14',268,462),(800,'F','2017-04-05 08:44:14',269,462),(801,'F','2017-04-05 08:44:14',270,462),(832,'B','2017-04-05 08:45:15',781,497),(833,'A','2017-04-05 08:45:15',782,497),(834,'D','2017-04-05 08:45:15',783,497),(835,'A','2017-04-05 08:45:15',784,497),(836,'B','2017-04-05 08:45:15',785,497),(837,'[[[void]]]','2017-04-05 08:45:15',786,497),(838,'[[[L或l]]]','2017-04-05 08:45:15',787,497),(839,'[[[面向对象]]]','2017-04-05 08:45:15',788,497),(840,'[[[复合数据类型]]]','2017-04-05 08:45:15',789,497),(841,'[[[if条件]]]','2017-04-05 08:45:15',790,497),(842,'F','2017-04-05 08:45:15',791,497),(843,'F','2017-04-05 08:45:15',792,497),(844,'T','2017-04-05 08:45:15',793,497),(845,'F','2017-04-05 08:45:15',794,497),(846,'T','2017-04-05 08:45:15',795,497),(862,'A','2017-04-05 08:46:34',616,486),(863,'B','2017-04-05 08:46:34',617,486),(864,'B','2017-04-05 08:46:34',618,486),(865,'D','2017-04-05 08:46:34',619,486),(866,'C','2017-04-05 08:46:34',620,486),(867,'[[[分块注释]]]','2017-04-05 08:46:34',621,486),(868,'[[[double]]]','2017-04-05 08:46:34',622,486),(869,'[[[注释]]]','2017-04-05 08:46:34',623,486),(870,'[[[bin文件夹]]]','2017-04-05 08:46:34',624,486),(871,'[[[L]]]','2017-04-05 08:46:34',625,486),(872,'T','2017-04-05 08:46:35',626,486),(873,'F','2017-04-05 08:46:35',627,486),(874,'T','2017-04-05 08:46:35',628,486),(875,'F','2017-04-05 08:46:35',629,486),(876,'F','2017-04-05 08:46:35',630,486),(892,'C','2017-04-05 08:47:45',361,469),(893,'B','2017-04-05 08:47:45',362,469),(894,'C','2017-04-05 08:47:45',363,469),(895,'B','2017-04-05 08:47:45',364,469),(896,'B','2017-04-05 08:47:45',365,469),(897,'[[[JDK]]]','2017-04-05 08:47:45',366,469),(898,'[[[length]]]','2017-04-05 08:47:45',367,469),(899,'[[[Path]]]','2017-04-05 08:47:45',368,469),(900,'[[[double]]]','2017-04-05 08:47:45',369,469),(901,'[[[注释]]]','2017-04-05 08:47:45',370,469),(902,'F','2017-04-05 08:47:45',371,469),(903,'F','2017-04-05 08:47:45',372,469),(904,'T','2017-04-05 08:47:45',373,469),(905,'T','2017-04-05 08:47:45',374,469),(906,'T','2017-04-05 08:47:46',375,469),(970,'A','2017-04-05 08:51:12',316,466),(971,'A','2017-04-05 08:51:12',317,466),(972,'A','2017-04-05 08:51:12',318,466),(973,'A','2017-04-05 08:51:12',319,466),(974,'A','2017-04-05 08:51:12',320,466),(975,'[[[0]]]','2017-04-05 08:51:12',321,466),(976,'[[[//]]]','2017-04-05 08:51:12',322,466),(977,'[[[do-while]]]','2017-04-05 08:51:12',323,466),(978,'[[[bin]]]','2017-04-05 08:51:12',324,466),(979,'[[[引用]]]','2017-04-05 08:51:12',325,466),(980,'F','2017-04-05 08:51:12',326,466),(981,'F','2017-04-05 08:51:12',327,466),(982,'F','2017-04-05 08:51:12',328,466),(983,'F','2017-04-05 08:51:12',329,466),(984,'T','2017-04-05 08:51:12',330,466),(1000,'B','2017-04-05 08:51:33',948,502),(1001,'A','2017-04-05 08:51:33',949,502),(1002,'A','2017-04-05 08:51:33',950,502),(1003,'A','2017-04-05 08:51:33',951,502),(1004,'D','2017-04-05 08:51:33',952,502),(1005,'A','2017-04-05 08:51:33',953,502),(1006,'D','2017-04-05 08:51:33',954,502),(1007,'A','2017-04-05 08:51:33',955,502),(1008,'[[[系统]]]','2017-04-05 08:51:33',956,502),(1009,'[[[//]]]','2017-04-05 08:51:33',957,502),(1010,'[[[计算机]]]','2017-04-05 08:51:33',958,502),(1011,'[[[引用数据类型]]]','2017-04-05 08:51:33',959,502),(1012,'[[[F]]]','2017-04-05 08:51:33',960,502),(1013,'[[[L]]]','2017-04-05 08:51:33',961,502),(1014,'[[[switch]]]','2017-04-05 08:51:33',962,502),(1015,'[[[length]]]','2017-04-05 08:51:33',963,502),(1016,'T','2017-04-05 08:51:33',964,502),(1017,'T','2017-04-05 08:51:33',965,502),(1018,'T','2017-04-05 08:51:33',966,502),(1019,'F','2017-04-05 08:51:33',967,502),(1020,'F','2017-04-05 08:51:33',968,502),(1021,'B','2017-04-05 08:51:38',948,495),(1022,'A','2017-04-05 08:51:38',949,495),(1023,'C','2017-04-05 08:51:38',950,495),(1024,'A','2017-04-05 08:51:38',951,495),(1025,'D','2017-04-05 08:51:38',952,495),(1026,'A','2017-04-05 08:51:38',953,495),(1027,'A','2017-04-05 08:51:38',954,495),(1028,'C','2017-04-05 08:51:38',955,495),(1029,'[[[Path]]]','2017-04-05 08:51:38',956,495),(1030,'[[[注释]]]','2017-04-05 08:51:38',957,495),(1031,'[[[面向对象]]]','2017-04-05 08:51:38',958,495),(1032,'[[[引用数据类型]]]','2017-04-05 08:51:38',959,495),(1033,'[[[英文字母]]]','2017-04-05 08:51:38',960,495),(1034,'[[[L]]]','2017-04-05 08:51:38',961,495),(1035,'[[[if]]]','2017-04-05 08:51:38',962,495),(1036,'[[[length]]]','2017-04-05 08:51:38',963,495),(1037,'T','2017-04-05 08:51:39',964,495),(1038,'T','2017-04-05 08:51:39',965,495),(1039,'F','2017-04-05 08:51:39',966,495),(1040,'F','2017-04-05 08:51:39',967,495),(1041,'F','2017-04-05 08:51:39',968,495),(1057,'C','2017-04-05 08:53:01',346,468),(1058,'B','2017-04-05 08:53:01',347,468),(1059,'A','2017-04-05 08:53:01',348,468),(1060,'B','2017-04-05 08:53:01',349,468),(1061,'B','2017-04-05 08:53:01',350,468),(1062,'[[[引用数据类型]]]','2017-04-05 08:53:01',351,468),(1063,'[[[L]]]','2017-04-05 08:53:01',352,468),(1064,'[[[面向对象]]]','2017-04-05 08:53:01',353,468),(1065,'[[[switch]]]','2017-04-05 08:53:01',354,468),(1066,'[[[//]]]','2017-04-05 08:53:02',355,468),(1067,'T','2017-04-05 08:53:02',356,468),(1068,'T','2017-04-05 08:53:02',357,468),(1069,'T','2017-04-05 08:53:02',358,468),(1070,'T','2017-04-05 08:53:02',359,468),(1071,'F','2017-04-05 08:53:02',360,468),(1072,'B','2017-04-05 08:54:08',948,493),(1073,'D','2017-04-05 08:54:08',949,493),(1074,'A','2017-04-05 08:54:08',950,493),(1075,'A','2017-04-05 08:54:08',951,493),(1076,'D','2017-04-05 08:54:08',952,493),(1077,'A','2017-04-05 08:54:08',953,493),(1078,'D','2017-04-05 08:54:08',954,493),(1079,'A','2017-04-05 08:54:08',955,493),(1080,'[[[path]]]','2017-04-05 08:54:08',956,493),(1081,'[[[注释]]]','2017-04-05 08:54:08',957,493),(1082,'[[[强类型]]]','2017-04-05 08:54:08',958,493),(1083,'[[[引用数据类型]]]','2017-04-05 08:54:08',959,493),(1084,'[[[0x]]]','2017-04-05 08:54:08',960,493),(1085,'[[[L]]]','2017-04-05 08:54:08',961,493),(1086,'[[[选择]]]','2017-04-05 08:54:08',962,493),(1087,'[[[length]]]','2017-04-05 08:54:08',963,493),(1088,'T','2017-04-05 08:54:08',964,493),(1089,'T','2017-04-05 08:54:08',965,493),(1090,'F','2017-04-05 08:54:08',966,493),(1091,'T','2017-04-05 08:54:08',967,493),(1092,'F','2017-04-05 08:54:08',968,493),(1108,'A','2017-04-05 08:55:06',166,456),(1109,'B','2017-04-05 08:55:06',167,456),(1110,'B','2017-04-05 08:55:06',168,456),(1111,'A','2017-04-05 08:55:06',169,456),(1112,'A','2017-04-05 08:55:06',170,456),(1113,'[[[//]]]','2017-04-05 08:55:06',171,456),(1114,'[[[0x]]]','2017-04-05 08:55:06',172,456),(1115,'[[[块注释]]]','2017-04-05 08:55:06',173,456),(1116,'[[[if]]]','2017-04-05 08:55:06',174,456),(1117,'[[[0~10]]]','2017-04-05 08:55:06',175,456),(1118,'T','2017-04-05 08:55:07',176,456),(1119,'T','2017-04-05 08:55:07',177,456),(1120,'F','2017-04-05 08:55:07',178,456),(1121,'T','2017-04-05 08:55:07',179,456),(1122,'F','2017-04-05 08:55:07',180,456),(1123,'C','2017-04-05 08:55:30',286,464),(1124,'B','2017-04-05 08:55:30',287,464),(1125,'C','2017-04-05 08:55:30',288,464),(1126,'B','2017-04-05 08:55:30',289,464),(1127,'A','2017-04-05 08:55:30',290,464),(1128,'[[[int]]]','2017-04-05 08:55:30',291,464),(1129,'[[[0-9]]]','2017-04-05 08:55:30',292,464),(1130,'[[[//]]]','2017-04-05 08:55:30',293,464),(1131,'[[[enter]]]','2017-04-05 08:55:30',294,464),(1132,'[[[注释]]]','2017-04-05 08:55:30',295,464),(1133,'T','2017-04-05 08:55:30',296,464),(1134,'F','2017-04-05 08:55:30',297,464),(1135,'T','2017-04-05 08:55:30',298,464),(1136,'T','2017-04-05 08:55:30',299,464),(1137,'F','2017-04-05 08:55:30',300,464),(1138,'A','2017-04-05 08:56:37',526,480),(1139,'C','2017-04-05 08:56:37',527,480),(1140,'A','2017-04-05 08:56:37',528,480),(1141,'A','2017-04-05 08:56:37',529,480),(1142,'B','2017-04-05 08:56:37',530,480),(1143,'[[[jdk]]]','2017-04-05 08:56:37',531,480),(1144,'[[[L]]]','2017-04-05 08:56:37',532,480),(1145,'[[[cmd]]]','2017-04-05 08:56:37',533,480),(1146,'[[[JavaEE]]]','2017-04-05 08:56:37',534,480),(1147,'[[[length]]]','2017-04-05 08:56:37',535,480),(1148,'F','2017-04-05 08:56:37',536,480),(1149,'T','2017-04-05 08:56:37',537,480),(1150,'F','2017-04-05 08:56:37',538,480),(1151,'T','2017-04-05 08:56:37',539,480),(1152,'F','2017-04-05 08:56:37',540,480),(1153,'A','2017-04-05 08:57:06',376,470),(1154,'A','2017-04-05 08:57:06',377,470),(1155,'C','2017-04-05 08:57:06',378,470),(1156,'A','2017-04-05 08:57:06',379,470),(1157,'B','2017-04-05 08:57:06',380,470),(1158,'[[[0]]]','2017-04-05 08:57:06',381,470),(1159,'[[[bin]]]','2017-04-05 08:57:06',382,470),(1160,'[[[PATH和CLASSPATH]]]','2017-04-05 08:57:06',383,470),(1161,'[[[PHP]]]','2017-04-05 08:57:06',384,470),(1162,'[[[分号]]]','2017-04-05 08:57:06',385,470),(1163,'F','2017-04-05 08:57:06',386,470),(1164,'F','2017-04-05 08:57:06',387,470),(1165,'F','2017-04-05 08:57:06',388,470),(1166,'T','2017-04-05 08:57:06',389,470),(1167,'F','2017-04-05 08:57:06',390,470),(1168,'A','2017-04-05 08:59:42',331,467),(1169,'A','2017-04-05 08:59:42',332,467),(1170,'B','2017-04-05 08:59:42',333,467),(1171,'B','2017-04-05 08:59:42',334,467),(1172,'B','2017-04-05 08:59:42',335,467),(1173,'[[[length]]]','2017-04-05 08:59:42',336,467),(1174,'[[[=]]]','2017-04-05 08:59:42',337,467),(1175,'[[[do-while]]]','2017-04-05 08:59:42',338,467),(1176,'[[[注释]]]','2017-04-05 08:59:42',339,467),(1177,'[[[void]]]','2017-04-05 08:59:43',340,467),(1178,'T','2017-04-05 08:59:43',341,467),(1179,'T','2017-04-05 08:59:43',342,467),(1180,'F','2017-04-05 08:59:43',343,467),(1181,'F','2017-04-05 08:59:43',344,467),(1182,'T','2017-04-05 08:59:43',345,467),(1183,'B','2017-04-05 08:59:51',391,471),(1184,'B','2017-04-05 08:59:51',392,471),(1185,'C','2017-04-05 08:59:51',393,471),(1186,'B','2017-04-05 08:59:51',394,471),(1187,'B','2017-04-05 08:59:51',395,471),(1188,'[[[[]]]]','2017-04-05 08:59:51',396,471),(1189,'[[[24]]]','2017-04-05 08:59:51',397,471),(1190,'[[[]]]','2017-04-05 08:59:51',398,471),(1191,'[[[java]]]','2017-04-05 08:59:51',399,471),(1192,'[[[]]]','2017-04-05 08:59:51',400,471),(1193,'F','2017-04-05 08:59:51',401,471),(1194,'T','2017-04-05 08:59:51',402,471),(1195,'F','2017-04-05 08:59:51',403,471),(1196,'T','2017-04-05 08:59:51',404,471),(1197,'T','2017-04-05 08:59:51',405,471),(1198,'B','2017-04-05 09:00:02',948,475),(1199,'D','2017-04-05 09:00:02',949,475),(1200,'C','2017-04-05 09:00:02',950,475),(1201,'A','2017-04-05 09:00:02',951,475),(1202,'D','2017-04-05 09:00:02',952,475),(1203,'A','2017-04-05 09:00:02',953,475),(1204,'B','2017-04-05 09:00:02',954,475),(1205,'A','2017-04-05 09:00:02',955,475),(1206,'[[[Path]]]','2017-04-05 09:00:02',956,475),(1207,'[[[注释]]]','2017-04-05 09:00:02',957,475),(1208,'[[[强类型]]]','2017-04-05 09:00:02',958,475),(1209,'[[[引用数据类型]]]','2017-04-05 09:00:02',959,475),(1210,'[[[Ox或OX]]]','2017-04-05 09:00:02',960,475),(1211,'[[[L或l]]]','2017-04-05 09:00:02',961,475),(1212,'[[[switch]]]','2017-04-05 09:00:02',962,475),(1213,'[[[length]]]','2017-04-05 09:00:02',963,475),(1214,'T','2017-04-05 09:00:02',964,475),(1215,'T','2017-04-05 09:00:02',965,475),(1216,'F','2017-04-05 09:00:02',966,475),(1217,'F','2017-04-05 09:00:02',967,475),(1218,'F','2017-04-05 09:00:02',968,475),(1264,'A','2017-04-05 09:01:19',301,465),(1265,'A','2017-04-05 09:01:19',302,465),(1266,'B','2017-04-05 09:01:19',303,465),(1267,'A','2017-04-05 09:01:19',304,465),(1268,'A','2017-04-05 09:01:19',305,465),(1269,'[[[return]]]','2017-04-05 09:01:19',306,465),(1270,'[[[classpath]]]','2017-04-05 09:01:19',307,465),(1271,'[[[enter]]]','2017-04-05 09:01:19',308,465),(1272,'[[[do-while]]]','2017-04-05 09:01:19',309,465),(1273,'[[[main]]]','2017-04-05 09:01:19',310,465),(1274,'T','2017-04-05 09:01:19',311,465),(1275,'F','2017-04-05 09:01:19',312,465),(1276,'F','2017-04-05 09:01:19',313,465),(1277,'T','2017-04-05 09:01:19',314,465),(1278,'F','2017-04-05 09:01:19',315,465),(1279,'B','2017-04-07 01:40:32',948,4),(1280,NULL,'2017-04-07 01:40:32',949,4),(1281,NULL,'2017-04-07 01:40:32',950,4),(1282,NULL,'2017-04-07 01:40:32',951,4),(1283,NULL,'2017-04-07 01:40:32',952,4),(1284,NULL,'2017-04-07 01:40:32',953,4),(1285,NULL,'2017-04-07 01:40:32',954,4),(1286,NULL,'2017-04-07 01:40:32',955,4),(1287,'[[[]]]','2017-04-07 01:40:32',956,4),(1288,'[[[]]]','2017-04-07 01:40:32',957,4),(1289,'[[[]]]','2017-04-07 01:40:32',958,4),(1290,'[[[]]]','2017-04-07 01:40:32',959,4),(1291,'[[[]]]','2017-04-07 01:40:32',960,4),(1292,'[[[]]]','2017-04-07 01:40:32',961,4),(1293,'[[[]]]','2017-04-07 01:40:32',962,4),(1294,'[[[]]]','2017-04-07 01:40:32',963,4),(1295,NULL,'2017-04-07 01:40:32',964,4),(1296,'T','2017-04-07 01:40:32',965,4),(1297,NULL,'2017-04-07 01:40:32',966,4),(1298,NULL,'2017-04-07 01:40:32',967,4),(1299,NULL,'2017-04-07 01:40:32',968,4),(1300,'B','2017-04-07 07:10:44',136,28),(1301,NULL,'2017-04-07 07:10:44',137,28),(1302,NULL,'2017-04-07 07:10:44',138,28),(1303,NULL,'2017-04-07 07:10:44',139,28),(1304,'B','2017-04-07 07:10:44',140,28),(1305,'[[[]]]','2017-04-07 07:10:44',141,28),(1306,'[[[]]]','2017-04-07 07:10:44',142,28),(1307,'[[[]]]','2017-04-07 07:10:44',143,28),(1308,'[[[]]]','2017-04-07 07:10:44',144,28),(1309,'[[[]]]','2017-04-07 07:10:44',145,28),(1310,NULL,'2017-04-07 07:10:44',146,28),(1311,NULL,'2017-04-07 07:10:44',147,28),(1312,NULL,'2017-04-07 07:10:44',148,28),(1313,NULL,'2017-04-07 07:10:44',149,28),(1314,'T','2017-04-07 07:10:44',150,28),(1330,'A','2017-04-08 03:18:34',121,27),(1331,'A','2017-04-08 03:18:34',122,27),(1332,'B','2017-04-08 03:18:34',123,27),(1333,'B','2017-04-08 03:18:34',124,27),(1334,'D','2017-04-08 03:18:34',125,27),(1335,'[[[//]]]','2017-04-08 03:18:34',126,27),(1336,'[[[0~9]]]','2017-04-08 03:18:34',127,27),(1337,'[[[continue]]]','2017-04-08 03:18:34',128,27),(1338,'[[[do-while]]]','2017-04-08 03:18:34',129,27),(1339,'[[[引用类型]]]','2017-04-08 03:18:34',130,27),(1340,'T','2017-04-08 03:18:34',131,27),(1341,'F','2017-04-08 03:18:34',132,27),(1342,'T','2017-04-08 03:18:34',133,27),(1343,'T','2017-04-08 03:18:34',134,27),(1344,'T','2017-04-08 03:18:34',135,27),(1345,'B','2017-04-08 05:18:29',948,28),(1346,NULL,'2017-04-08 05:18:29',949,28),(1347,'A','2017-04-08 05:18:29',950,28),(1348,'A','2017-04-08 05:18:29',951,28),(1349,NULL,'2017-04-08 05:18:29',952,28),(1350,NULL,'2017-04-08 05:18:29',953,28),(1351,NULL,'2017-04-08 05:18:29',954,28),(1352,NULL,'2017-04-08 05:18:29',955,28),(1353,'[[[]]]','2017-04-08 05:18:29',956,28),(1354,'[[[]]]','2017-04-08 05:18:29',957,28),(1355,'[[[]]]','2017-04-08 05:18:29',958,28),(1356,'[[[]]]','2017-04-08 05:18:29',959,28),(1357,'[[[]]]','2017-04-08 05:18:29',960,28),(1358,'[[[]]]','2017-04-08 05:18:29',961,28),(1359,'[[[]]]','2017-04-08 05:18:29',962,28),(1360,'[[[]]]','2017-04-08 05:18:29',963,28),(1361,NULL,'2017-04-08 05:18:29',964,28),(1362,NULL,'2017-04-08 05:18:29',965,28),(1363,NULL,'2017-04-08 05:18:29',966,28),(1364,NULL,'2017-04-08 05:18:29',967,28),(1365,'F','2017-04-08 05:18:29',968,28),(1366,'B','2017-04-08 05:24:46',46,22),(1367,'B','2017-04-08 05:24:46',47,22),(1368,'B','2017-04-08 05:24:46',48,22),(1369,'B','2017-04-08 05:24:46',49,22),(1370,'C','2017-04-08 05:24:46',50,22),(1371,'[[[//]]]','2017-04-08 05:24:46',51,22),(1372,'[[[4]]]','2017-04-08 05:24:46',52,22),(1373,'[[[do-while]]]','2017-04-08 05:24:46',53,22),(1374,'[[[if-else]]]','2017-04-08 05:24:46',54,22),(1375,'[[[文档注释]]]','2017-04-08 05:24:46',55,22),(1376,'T','2017-04-08 05:24:46',56,22),(1377,'F','2017-04-08 05:24:47',57,22),(1378,'T','2017-04-08 05:24:47',58,22),(1379,'T','2017-04-08 05:24:47',59,22),(1380,'F','2017-04-08 05:24:47',60,22),(1381,'A','2017-04-08 06:46:25',61,23),(1382,'A','2017-04-08 06:46:25',62,23),(1383,'C','2017-04-08 06:46:25',63,23),(1384,'D','2017-04-08 06:46:25',64,23),(1385,'A','2017-04-08 06:46:25',65,23),(1386,'[[[s]]]','2017-04-08 06:46:25',66,23),(1387,'[[[d]]]','2017-04-08 06:46:25',67,23),(1388,'[[[d]]]','2017-04-08 06:46:25',68,23),(1389,'[[[1]]]','2017-04-08 06:46:25',69,23),(1390,'[[[af]]]','2017-04-08 06:46:25',70,23),(1391,'F','2017-04-08 06:46:25',71,23),(1392,'T','2017-04-08 06:46:25',72,23),(1393,'T','2017-04-08 06:46:25',73,23),(1394,'T','2017-04-08 06:46:26',74,23),(1395,'T','2017-04-08 06:46:26',75,23),(1396,'B','2017-04-08 06:51:56',948,23),(1397,NULL,'2017-04-08 06:51:56',949,23),(1398,NULL,'2017-04-08 06:51:56',950,23),(1399,NULL,'2017-04-08 06:51:56',951,23),(1400,'D','2017-04-08 06:51:56',952,23),(1401,NULL,'2017-04-08 06:51:56',953,23),(1402,NULL,'2017-04-08 06:51:56',954,23),(1403,NULL,'2017-04-08 06:51:56',955,23),(1404,'[[[]]]','2017-04-08 06:51:56',956,23),(1405,'[[[]]]','2017-04-08 06:51:56',957,23),(1406,'[[[]]]','2017-04-08 06:51:56',958,23),(1407,'[[[]]]','2017-04-08 06:51:56',959,23),(1408,'[[[]]]','2017-04-08 06:51:56',960,23),(1409,'[[[]]]','2017-04-08 06:51:56',961,23),(1410,'[[[]]]','2017-04-08 06:51:56',962,23),(1411,'[[[]]]','2017-04-08 06:51:56',963,23),(1412,'T','2017-04-08 06:51:56',964,23),(1413,'F','2017-04-08 06:51:56',965,23),(1414,'T','2017-04-08 06:51:56',966,23),(1415,'T','2017-04-08 06:51:56',967,23),(1416,'T','2017-04-08 06:51:56',968,23),(1474,'B','2018-05-08 03:02:07',948,19),(1475,'D','2018-05-08 03:02:07',949,19),(1476,'C','2018-05-08 03:02:07',950,19),(1477,'A','2018-05-08 03:02:07',951,19),(1478,'D','2018-05-08 03:02:07',952,19),(1479,'A','2018-05-08 03:02:07',953,19),(1480,'B','2018-05-08 03:02:07',954,19),(1481,'A','2018-05-08 03:02:07',955,19),(1482,'[[[Path]]]','2018-05-08 03:02:07',956,19),(1483,'[[[注释]]]','2018-05-08 03:02:07',957,19),(1484,'[[[强类型]]]','2018-05-08 03:02:07',958,19),(1485,'[[[引用数据类型]]]','2018-05-08 03:02:07',959,19),(1486,'[[[0x]]]','2018-05-08 03:02:07',960,19),(1487,'[[[L]]]','2018-05-08 03:02:07',961,19),(1488,'[[[switch]]]','2018-05-08 03:02:07',962,19),(1489,'[[[length]]]','2018-05-08 03:02:07',963,19),(1490,'T','2018-05-08 03:02:07',964,19),(1491,'T','2018-05-08 03:02:07',965,19),(1492,'F','2018-05-08 03:02:07',966,19),(1493,'F','2018-05-08 03:02:07',967,19),(1494,'F','2018-05-08 03:02:07',968,19),(1495,'D','2018-05-08 04:38:17',1075,421),(1496,'B','2018-05-08 04:38:17',1076,421),(1497,'A','2018-05-08 04:38:17',1077,421),(1498,'A','2018-05-08 04:38:17',1078,421),(1499,'A','2018-05-08 04:38:17',1079,421),(1500,'[[[do-while]]]','2018-05-08 04:38:17',1080,421),(1501,'[[[L]]]','2018-05-08 04:38:17',1081,421),(1502,'[[[0]]]','2018-05-08 04:38:17',1082,421),(1503,'[[[4]]]','2018-05-08 04:38:17',1083,421),(1504,'[[[f]]]','2018-05-08 04:38:17',1084,421),(1505,'T','2018-05-08 04:38:17',1085,421),(1506,'T','2018-05-08 04:38:17',1086,421),(1507,'T','2018-05-08 04:38:17',1087,421),(1508,'T','2018-05-08 04:38:17',1088,421),(1509,'T','2018-05-08 04:38:17',1089,421),(1510,'B','2018-05-08 05:25:23',1585,506),(1511,'D','2018-05-08 05:25:23',1586,506),(1512,'C','2018-05-08 05:25:23',1587,506),(1513,'B','2018-05-08 05:25:23',1588,506),(1514,'A','2018-05-08 05:25:23',1589,506),(1515,'[[[Java EE]]]','2018-05-08 05:25:23',1590,506),(1516,'[[[JDK111]]]','2018-05-08 05:25:23',1591,506),(1517,'T','2018-05-08 05:25:23',1592,506),(1518,'T','2018-05-08 05:25:23',1593,506),(1519,'T','2018-05-08 05:25:23',1594,506),(1520,'T','2018-05-08 05:25:23',1595,506),(1521,'F','2018-05-08 05:25:23',1596,506);

#
# Structure for table "studentexamscore"
#

DROP TABLE IF EXISTS `studentexamscore`;
CREATE TABLE `studentexamscore` (
  `id` int(11) NOT NULL AUTO_INCREMENT,
  `examPhase` varchar(255) DEFAULT NULL,
  `score` int(11) NOT NULL,
  `exam_id` int(11) DEFAULT NULL,
  `exam_strategy_id` int(11) DEFAULT NULL,
  `student_id` int(11) DEFAULT NULL,
  PRIMARY KEY (`id`),
  KEY `FKeekdyptkdsnd1mr9pxl7v3cn0` (`exam_id`),
  KEY `FKn3o1pdb2kovqkaopabdnr6ki8` (`exam_strategy_id`),
  KEY `FKlv3gqbhqyn7qmpgfkfvoopavd` (`student_id`),
  CONSTRAINT `FKeekdyptkdsnd1mr9pxl7v3cn0` FOREIGN KEY (`exam_id`) REFERENCES `exam` (`id`),
  CONSTRAINT `FKlv3gqbhqyn7qmpgfkfvoopavd` FOREIGN KEY (`student_id`) REFERENCES `student` (`id`),
  CONSTRAINT `FKn3o1pdb2kovqkaopabdnr6ki8` FOREIGN KEY (`exam_strategy_id`) REFERENCES `examstrategy` (`id`)
) ENGINE=InnoDB AUTO_INCREMENT=337 DEFAULT CHARSET=utf8;

#
# Data for table "studentexamscore"
#

INSERT INTO `studentexamscore` VALUES (1,'最终得分',80,1,1,19),(2,'最终得分',100,2,2,20),(3,'试卷初始化',0,3,3,21),(4,'最终得分',88,4,4,22),(5,'最终得分',18,5,5,23),(6,'试卷初始化',0,6,6,24),(7,'试卷初始化',0,7,7,25),(8,'试卷初始化',0,8,8,26),(9,'最终得分',88,9,9,27),(10,'最终得分',0,10,10,28),(11,'试卷初始化',0,11,11,29),(12,'最终得分',70,12,12,456),(13,'试卷初始化',0,13,13,457),(14,'最终得分',62,14,14,458),(15,'最终得分',100,15,15,459),(16,'最终得分',100,16,16,460),(17,'最终得分',88,17,17,461),(18,'最终得分',68,18,18,462),(19,'最终得分',76,19,19,463),(20,'最终得分',68,20,20,464),(21,'最终得分',54,21,21,465),(22,'最终得分',84,22,22,466),(23,'最终得分',100,23,23,467),(24,'最终得分',94,24,24,468),(25,'最终得分',100,25,25,469),(26,'最终得分',62,26,26,470),(27,'最终得分',32,27,27,471),(28,'最终得分',88,28,28,472),(29,'最终得分',94,29,29,473),(30,'最终得分',92,30,30,474),(31,'最终得分',100,31,31,475),(32,'最终得分',74,32,32,476),(33,'试卷初始化',0,33,33,477),(34,'试卷初始化',0,34,34,478),(35,'最终得分',60,35,35,479),(36,'最终得分',52,36,36,480),(37,'最终得分',52,37,37,481),(38,'最终得分',58,38,38,482),(39,'最终得分',46,39,39,483),(40,'最终得分',48,40,40,484),(41,'最终得分',74,41,41,485),(42,'最终得分',68,42,42,486),(43,'最终得分',60,43,43,487),(44,'最终得分',54,44,44,488),(45,'试卷初始化',0,45,45,489),(46,'最终得分',74,46,46,490),(47,'最终得分',62,47,47,491),(48,'最终得分',60,48,48,492),(49,'最终得分',74,49,49,493),(50,'最终得分',50,50,50,494),(51,'最终得分',74,51,51,495),(52,'最终得分',64,52,52,496),(53,'最终得分',76,53,53,497),(54,'最终得分',66,54,54,498),(55,'最终得分',74,55,55,499),(56,'最终得分',52,56,56,500),(57,'最终得分',46,57,57,501),(58,'最终得分',72,58,58,502),(59,'最终得分',46,59,59,503),(60,'试卷初始化',0,60,60,504),(61,'试卷初始化',0,61,61,505),(62,'试卷初始化',0,62,62,506),(196,'试卷初始化',0,64,64,1),(197,'试卷初始化',0,64,64,2),(198,'最终得分',14,64,64,3),(199,'最终得分',9,64,64,4),(200,'试卷初始化',0,64,64,5),(201,'试卷初始化',0,64,64,6),(202,'试卷初始化',0,64,64,7),(203,'试卷初始化',0,64,64,8),(204,'试卷初始化',0,64,64,9),(205,'试卷初始化',0,64,64,10),(206,'试卷初始化',0,64,64,11),(207,'试卷初始化',0,64,64,12),(208,'试卷初始化',0,64,64,13),(209,'试卷初始化',0,64,64,14),(210,'试卷初始化',0,64,64,15),(211,'试卷初始化',0,64,64,16),(212,'试卷初始化',0,64,64,17),(213,'试卷初始化',0,64,64,18),(214,'最终得分',100,64,64,19),(215,'试卷初始化',0,64,64,20),(216,'试卷初始化',0,64,64,21),(217,'试卷初始化',0,64,64,22),(218,'最终得分',14,64,64,23),(219,'试卷初始化',0,64,64,24),(220,'试卷初始化',0,64,64,25),(221,'试卷初始化',0,64,64,26),(222,'试卷初始化',0,64,64,27),(223,'最终得分',14,64,64,28),(224,'试卷初始化',0,64,64,29),(225,'试卷初始化',0,64,64,30),(226,'试卷初始化',0,64,64,31),(227,'试卷初始化',0,64,64,32),(228,'试卷初始化',0,64,64,33),(229,'试卷初始化',0,64,64,34),(230,'试卷初始化',0,64,64,35),(231,'试卷初始化',0,64,64,36),(232,'试卷初始化',0,64,64,37),(233,'试卷初始化',0,64,64,162),(234,'试卷初始化',0,64,64,200),(235,'试卷初始化',0,64,64,238),(236,'试卷初始化',0,64,64,276),(237,'试卷初始化',0,64,64,314),(238,'试卷初始化',0,64,64,352),(239,'试卷初始化',0,64,64,390),(240,'试卷初始化',0,64,64,418),(241,'试卷初始化',0,64,64,419),(242,'试卷初始化',0,64,64,420),(243,'试卷初始化',0,64,64,421),(244,'试卷初始化',0,64,64,422),(245,'试卷初始化',0,64,64,423),(246,'试卷初始化',0,64,64,424),(247,'试卷初始化',0,64,64,425),(248,'试卷初始化',0,64,64,426),(249,'试卷初始化',0,64,64,427),(250,'试卷初始化',0,64,64,428),(251,'试卷初始化',0,64,64,429),(252,'试卷初始化',0,64,64,430),(253,'试卷初始化',0,64,64,431),(254,'试卷初始化',0,64,64,432),(255,'试卷初始化',0,64,64,433),(256,'试卷初始化',0,64,64,434),(257,'试卷初始化',0,64,64,435),(258,'试卷初始化',0,64,64,436),(259,'试卷初始化',0,64,64,437),(260,'试卷初始化',0,64,64,438),(261,'试卷初始化',0,64,64,439),(262,'试卷初始化',0,64,64,440),(263,'试卷初始化',0,64,64,441),(264,'试卷初始化',0,64,64,442),(265,'试卷初始化',0,64,64,443),(266,'试卷初始化',0,64,64,444),(267,'试卷初始化',0,64,64,445),(268,'试卷初始化',0,64,64,446),(269,'试卷初始化',0,64,64,447),(270,'试卷初始化',0,64,64,448),(271,'试卷初始化',0,64,64,449),(272,'试卷初始化',0,64,64,450),(273,'试卷初始化',0,64,64,451),(274,'试卷初始化',0,64,64,452),(275,'试卷初始化',0,64,64,453),(276,'试卷初始化',0,64,64,454),(277,'试卷初始化',0,64,64,455),(278,'试卷初始化',0,64,64,456),(279,'试卷初始化',0,64,64,457),(280,'试卷初始化',0,64,64,458),(281,'试卷初始化',0,64,64,459),(282,'试卷初始化',0,64,64,460),(283,'试卷初始化',0,64,64,461),(284,'试卷初始化',0,64,64,462),(285,'试卷初始化',0,64,64,463),(286,'试卷初始化',0,64,64,464),(287,'试卷初始化',0,64,64,465),(288,'试卷初始化',0,64,64,466),(289,'试卷初始化',0,64,64,467),(290,'试卷初始化',0,64,64,468),(291,'试卷初始化',0,64,64,469),(292,'试卷初始化',0,64,64,470),(293,'试卷初始化',0,64,64,471),(294,'试卷初始化',0,64,64,472),(295,'试卷初始化',0,64,64,473),(296,'试卷初始化',0,64,64,474),(297,'最终得分',90,64,64,475),(298,'试卷初始化',0,64,64,476),(299,'试卷初始化',0,64,64,477),(300,'试卷初始化',0,64,64,478),(301,'试卷初始化',0,64,64,479),(302,'试卷初始化',0,64,64,480),(303,'试卷初始化',0,64,64,481),(304,'试卷初始化',0,64,64,482),(305,'试卷初始化',0,64,64,483),(306,'试卷初始化',0,64,64,484),(307,'试卷初始化',0,64,64,485),(308,'试卷初始化',0,64,64,486),(309,'试卷初始化',0,64,64,487),(310,'试卷初始化',0,64,64,488),(311,'试卷初始化',0,64,64,489),(312,'试卷初始化',0,64,64,490),(313,'试卷初始化',0,64,64,491),(314,'试卷初始化',0,64,64,492),(315,'最终得分',76,64,64,493),(316,'试卷初始化',0,64,64,494),(317,'最终得分',70,64,64,495),(318,'试卷初始化',0,64,64,496),(319,'试卷初始化',0,64,64,497),(320,'试卷初始化',0,64,64,498),(321,'试卷初始化',0,64,64,499),(322,'试卷初始化',0,64,64,500),(323,'试卷初始化',0,64,64,501),(324,'最终得分',61,64,64,502),(325,'试卷初始化',0,64,64,503),(326,'试卷初始化',0,64,64,504),(327,'试卷初始化',0,64,64,505),(328,'试卷初始化',0,64,64,506),(329,'试卷初始化',0,65,65,26),(330,'试卷初始化',0,66,66,26),(331,'试卷初始化',0,67,67,26),(332,'试卷初始化',0,68,68,26),(333,'试卷初始化',0,64,64,3),(334,'试卷初始化',0,64,64,4),(335,'试卷初始化',0,64,64,5),(336,'试卷初始化',0,64,64,6),(337,'试卷初始化',0,69,69,418),(338,'试卷初始化',0,70,70,419),(339,'试卷初始化',0,71,71,420),(340,'最终得分',86,72,72,421),(341,'试卷初始化',0,73,73,422),(342,'试卷初始化',0,74,74,423),(343,'试卷初始化',0,75,75,424),(344,'试卷初始化',0,76,76,425),(345,'试卷初始化',0,77,77,426),(346,'试卷初始化',0,78,78,427),(347,'试卷初始化',0,79,79,429),(348,'试卷初始化',0,80,80,430),(349,'试卷初始化',0,81,81,431),(350,'试卷初始化',0,82,82,432),(351,'试卷初始化',0,83,83,433),(352,'试卷初始化',0,84,84,434),(353,'试卷初始化',0,85,85,435),(354,'试卷初始化',0,86,86,436),(355,'试卷初始化',0,87,87,437),(356,'试卷初始化',0,88,88,438),(357,'试卷初始化',0,89,89,439),(358,'试卷初始化',0,90,90,440),(359,'试卷初始化',0,91,91,441),(360,'试卷初始化',0,92,92,442),(361,'试卷初始化',0,93,93,443),(362,'试卷初始化',0,94,94,444),(363,'试卷初始化',0,95,95,445),(364,'试卷初始化',0,96,96,446),(365,'试卷初始化',0,97,97,447),(366,'试卷初始化',0,98,98,448),(367,'试卷初始化',0,99,99,449),(368,'试卷初始化',0,100,100,450),(369,'试卷初始化',0,101,101,451),(370,'试卷初始化',0,102,102,452),(371,'试卷初始化',0,103,103,453),(372,'试卷初始化',0,104,104,454),(373,'试卷初始化',0,105,105,455),(374,'试卷初始化',0,106,106,504),(375,'试卷初始化',0,106,106,505),(376,'最终得分',90,106,106,506),(377,'试卷初始化',0,108,107,506),(378,'试卷初始化',0,109,108,507);
